"hgvsp","varity"
"p.Met1Val",0.876
"p.Met1Arg",0.927
"p.Met1Thr",0.794
"p.Met1Ile",0.846
"p.Met1Leu",0.89
"p.Met1Lys",0.907
"p.Val2Ala",0.18
"p.Val2Leu",0.208
"p.Val2Gly",0.25
"p.Val2Glu",0.476
"p.Val2Met",0.172
"p.Asn3Ser",0.141
"p.Asn3Asp",0.241
"p.Asn3Thr",0.196
"p.Asn3Ile",0.355
"p.Asn3Lys",0.189
"p.Asn3Tyr",0.244
"p.Asn3His",0.183
"p.Glu4Ala",0.201
"p.Glu4Val",0.215
"p.Glu4Asp",0.112
"p.Glu4Lys",0.198
"p.Glu4Gly",0.221
"p.Glu4Gln",0.157
"p.Ala5Ser",0.073
"p.Ala5Val",0.087
"p.Ala5Asp",0.209
"p.Ala5Thr",0.064
"p.Ala5Gly",0.113
"p.Ala5Pro",0.124
"p.Arg6Ser",0.297
"p.Arg6Thr",0.179
"p.Arg6Ile",0.19
"p.Arg6Lys",0.238
"p.Arg6Gly",0.321
"p.Gly7Ala",0.179
"p.Gly7Val",0.241
"p.Gly7Arg",0.146
"p.Gly7Glu",0.187
"p.Asn8Ser",0.052
"p.Asn8Asp",0.124
"p.Asn8Thr",0.097
"p.Asn8Ile",0.154
"p.Asn8Lys",0.156
"p.Asn8Tyr",0.093
"p.Asn8His",0.131
"p.Ser9Arg",0.115
"p.Ser9Thr",0.108
"p.Ser9Ile",0.141
"p.Ser9Gly",0.07
"p.Ser9Asn",0.082
"p.Ser9Cys",0.13
"p.Ser10Arg",0.123
"p.Ser10Thr",0.176
"p.Ser10Ile",0.256
"p.Ser10Gly",0.065
"p.Ser10Asn",0.142
"p.Ser10Cys",0.139
"p.Leu11Val",0.078
"p.Leu11Arg",0.123
"p.Leu11Phe",0.07
"p.Leu11Ile",0.095
"p.Leu11Pro",0.111
"p.Leu11His",0.08
"p.Asn12Ser",0.054
"p.Asn12Asp",0.116
"p.Asn12Thr",0.082
"p.Asn12Ile",0.159
"p.Asn12Lys",0.11
"p.Asn12Tyr",0.065
"p.Asn12His",0.09
"p.Pro13Ser",0.108
"p.Pro13Ala",0.135
"p.Pro13Arg",0.071
"p.Pro13Thr",0.134
"p.Pro13Leu",0.057
"p.Pro13His",0.117
"p.Cys14Ser",0.155
"p.Cys14Arg",0.222
"p.Cys14Phe",0.304
"p.Cys14Gly",0.136
"p.Cys14Tyr",0.247
"p.Cys14Trp",0.243
"p.Leu15Ser",0.053
"p.Leu15Val",0.062
"p.Leu15Phe",0.091
"p.Leu15Met",0.093
"p.Leu15Trp",0.07
"p.Glu16Ala",0.098
"p.Glu16Val",0.138
"p.Glu16Asp",0.128
"p.Glu16Lys",0.143
"p.Glu16Gly",0.119
"p.Glu16Gln",0.163
"p.Gly17Ser",0.115
"p.Gly17Ala",0.145
"p.Gly17Val",0.235
"p.Gly17Arg",0.131
"p.Gly17Asp",0.182
"p.Gly17Cys",0.2
"p.Ser18Arg",0.175
"p.Ser18Thr",0.111
"p.Ser18Ile",0.146
"p.Ser18Gly",0.147
"p.Ser18Asn",0.086
"p.Ser18Cys",0.164
"p.Ala19Ser",0.094
"p.Ala19Val",0.089
"p.Ala19Asp",0.28
"p.Ala19Thr",0.1
"p.Ala19Gly",0.122
"p.Ala19Pro",0.202
"p.Ser20Arg",0.213
"p.Ser20Thr",0.116
"p.Ser20Ile",0.194
"p.Ser20Gly",0.184
"p.Ser20Asn",0.124
"p.Ser20Cys",0.168
"p.Ser21Arg",0.392
"p.Ser21Thr",0.332
"p.Ser21Ile",0.611
"p.Ser21Gly",0.204
"p.Ser21Asn",0.303
"p.Ser21Cys",0.364
"p.Gly22Ser",0.114
"p.Gly22Ala",0.208
"p.Gly22Val",0.348
"p.Gly22Arg",0.232
"p.Gly22Asp",0.309
"p.Gly22Cys",0.31
"p.Ser23Arg",0.148
"p.Ser23Thr",0.148
"p.Ser23Ile",0.246
"p.Ser23Gly",0.068
"p.Ser23Asn",0.134
"p.Ser23Cys",0.113
"p.Glu24Ala",0.225
"p.Glu24Val",0.29
"p.Glu24Asp",0.208
"p.Glu24Lys",0.292
"p.Glu24Gly",0.255
"p.Glu24Gln",0.198
"p.Ser25Arg",0.157
"p.Ser25Thr",0.084
"p.Ser25Ile",0.163
"p.Ser25Gly",0.115
"p.Ser25Asn",0.087
"p.Ser25Cys",0.155
"p.Ser26Ala",0.241
"p.Ser26Phe",0.51
"p.Ser26Thr",0.189
"p.Ser26Tyr",0.447
"p.Ser26Cys",0.424
"p.Ser26Pro",0.263
"p.Lys27Arg",0.108
"p.Lys27Thr",0.201
"p.Lys27Ile",0.244
"p.Lys27Asn",0.233
"p.Lys27Glu",0.187
"p.Lys27Gln",0.168
"p.Asp28Ala",0.222
"p.Asp28Val",0.267
"p.Asp28Gly",0.239
"p.Asp28Tyr",0.323
"p.Asp28Asn",0.108
"p.Asp28Glu",0.106
"p.Asp28His",0.204
"p.Ser29Arg",0.284
"p.Ser29Thr",0.19
"p.Ser29Ile",0.238
"p.Ser29Gly",0.196
"p.Ser29Asn",0.181
"p.Ser29Cys",0.234
"p.Ser30Ala",0.257
"p.Ser30Thr",0.304
"p.Ser30Leu",0.385
"p.Ser30Pro",0.369
"p.Ser30Trp",0.541
"p.Arg31Ser",0.642
"p.Arg31Thr",0.641
"p.Arg31Ile",0.477
"p.Arg31Lys",0.591
"p.Arg31Gly",0.69
"p.Cys32Ser",0.382
"p.Cys32Arg",0.791
"p.Cys32Phe",0.598
"p.Cys32Gly",0.408
"p.Cys32Tyr",0.57
"p.Cys32Trp",0.658
"p.Ser33Ala",0.203
"p.Ser33Phe",0.477
"p.Ser33Thr",0.196
"p.Ser33Tyr",0.428
"p.Ser33Cys",0.345
"p.Ser33Pro",0.293
"p.Thr34Ser",0.13
"p.Thr34Ala",0.163
"p.Thr34Ile",0.304
"p.Thr34Asn",0.227
"p.Thr34Pro",0.27
"p.Pro35Ser",0.257
"p.Pro35Ala",0.182
"p.Pro35Arg",0.215
"p.Pro35Thr",0.341
"p.Pro35Leu",0.264
"p.Pro35Gln",0.195
"p.Gly36Ser",0.067
"p.Gly36Ala",0.153
"p.Gly36Val",0.186
"p.Gly36Arg",0.147
"p.Gly36Asp",0.168
"p.Gly36Cys",0.25
"p.Leu37Val",0.14
"p.Leu37Arg",0.21
"p.Leu37Pro",0.168
"p.Leu37Met",0.176
"p.Leu37Gln",0.183
"p.Asp38Ala",0.296
"p.Asp38Val",0.431
"p.Asp38Gly",0.256
"p.Asp38Tyr",0.496
"p.Asp38Asn",0.194
"p.Asp38Glu",0.196
"p.Asp38His",0.354
"p.Pro39Ser",0.065
"p.Pro39Ala",0.052
"p.Pro39Arg",0.088
"p.Pro39Thr",0.072
"p.Pro39Leu",0.08
"p.Pro39His",0.149
"p.Glu40Ala",0.279
"p.Glu40Val",0.443
"p.Glu40Asp",0.273
"p.Glu40Lys",0.4
"p.Glu40Gly",0.304
"p.Glu40Gln",0.369
"p.Arg41Leu",0.553
"p.Arg41Gly",0.406
"p.Arg41Pro",0.662
"p.Arg41Trp",0.457
"p.Arg41Gln",0.361
"p.His42Arg",0.157
"p.His42Asp",0.316
"p.His42Leu",0.209
"p.His42Tyr",0.096
"p.His42Asn",0.172
"p.His42Pro",0.531
"p.His42Gln",0.27
"p.Glu43Ala",0.159
"p.Glu43Val",0.223
"p.Glu43Asp",0.174
"p.Glu43Lys",0.206
"p.Glu43Gly",0.223
"p.Glu43Gln",0.244
"p.Arg44Ser",0.422
"p.Arg44Thr",0.222
"p.Arg44Ile",0.379
"p.Arg44Lys",0.111
"p.Arg44Gly",0.579
"p.Leu45Val",0.429
"p.Leu45Arg",0.934
"p.Leu45Phe",0.669
"p.Leu45Ile",0.398
"p.Leu45Pro",0.962
"p.Leu45His",0.881
"p.Arg46Leu",0.161
"p.Arg46Gly",0.372
"p.Arg46Pro",0.589
"p.Arg46Trp",0.205
"p.Arg46Gln",0.084
"p.Glu47Ala",0.539
"p.Glu47Val",0.659
"p.Glu47Asp",0.156
"p.Glu47Lys",0.485
"p.Glu47Gly",0.462
"p.Glu47Gln",0.364
"p.Lys48Arg",0.427
"p.Lys48Thr",0.84
"p.Lys48Asn",0.915
"p.Lys48Glu",0.908
"p.Lys48Met",0.775
"p.Lys48Gln",0.846
"p.Met49Val",0.489
"p.Met49Arg",0.949
"p.Met49Thr",0.774
"p.Met49Ile",0.417
"p.Met49Leu",0.553
"p.Met49Lys",0.936
"p.Arg50Ser",0.436
"p.Arg50Thr",0.262
"p.Arg50Lys",0.179
"p.Arg50Gly",0.425
"p.Arg50Met",0.296
"p.Arg50Trp",0.487
"p.Arg51Leu",0.542
"p.Arg51Gly",0.374
"p.Arg51Pro",0.872
"p.Arg51Trp",0.527
"p.Arg51Gln",0.27
"p.Arg52Leu",0.622
"p.Arg52Gly",0.596
"p.Arg52Pro",0.889
"p.Arg52Gln",0.397
"p.Leu53Ser",0.143
"p.Leu53Val",0.078
"p.Leu53Phe",0.091
"p.Leu53Met",0.092
"p.Leu53Trp",0.167
"p.Glu54Ala",0.211
"p.Glu54Val",0.283
"p.Glu54Asp",0.105
"p.Glu54Lys",0.239
"p.Glu54Gly",0.191
"p.Glu54Gln",0.217
"p.Ser55Ala",0.425
"p.Ser55Phe",0.846
"p.Ser55Thr",0.405
"p.Ser55Tyr",0.798
"p.Ser55Cys",0.808
"p.Ser55Pro",0.78
"p.Gly56Ser",0.54
"p.Gly56Ala",0.771
"p.Gly56Val",0.946
"p.Gly56Arg",0.693
"p.Gly56Asp",0.663
"p.Gly56Cys",0.955
"p.Asp57Ala",0.624
"p.Asp57Val",0.776
"p.Asp57Gly",0.793
"p.Asp57Tyr",0.914
"p.Asp57Asn",0.419
"p.Asp57Glu",0.198
"p.Asp57His",0.662
"p.Lys58Arg",0.198
"p.Lys58Thr",0.243
"p.Lys58Asn",0.403
"p.Lys58Glu",0.658
"p.Lys58Met",0.479
"p.Lys58Gln",0.469
"p.Trp59Ser",0.893
"p.Trp59Arg",0.913
"p.Trp59Leu",0.718
"p.Trp59Gly",0.924
"p.Trp59Cys",0.872
"p.Phe60Ser",0.987
"p.Phe60Val",0.914
"p.Phe60Ile",0.814
"p.Phe60Leu",0.823
"p.Phe60Tyr",0.656
"p.Phe60Cys",0.924
"p.Ser61Ala",0.939
"p.Ser61Phe",0.977
"p.Ser61Thr",0.919
"p.Ser61Tyr",0.986
"p.Ser61Cys",0.952
"p.Ser61Pro",0.991
"p.Leu62Val",0.666
"p.Leu62Arg",0.987
"p.Leu62Pro",0.988
"p.Leu62Met",0.812
"p.Leu62Gln",0.973
"p.Glu63Ala",0.989
"p.Glu63Val",0.989
"p.Glu63Asp",0.978
"p.Glu63Lys",0.991
"p.Glu63Gly",0.986
"p.Glu63Gln",0.984
"p.Phe64Ser",0.985
"p.Phe64Val",0.919
"p.Phe64Ile",0.821
"p.Phe64Leu",0.779
"p.Phe64Tyr",0.705
"p.Phe64Cys",0.959
"p.Phe65Ser",0.96
"p.Phe65Val",0.935
"p.Phe65Ile",0.937
"p.Phe65Leu",0.942
"p.Phe65Tyr",0.889
"p.Phe65Cys",0.966
"p.Pro66Ser",0.876
"p.Pro66Ala",0.821
"p.Pro66Arg",0.942
"p.Pro66Thr",0.937
"p.Pro66Leu",0.964
"p.Pro66His",0.959
"p.Pro67Ser",0.957
"p.Pro67Ala",0.923
"p.Pro67Arg",0.967
"p.Pro67Thr",0.953
"p.Pro67Leu",0.973
"p.Pro67His",0.984
"p.Arg68Leu",0.785
"p.Arg68Gly",0.954
"p.Arg68Pro",0.966
"p.Arg68Gln",0.802
"p.Thr69Ser",0.535
"p.Thr69Ala",0.66
"p.Thr69Ile",0.831
"p.Thr69Asn",0.807
"p.Thr69Pro",0.96
"p.Ala70Ser",0.293
"p.Ala70Val",0.252
"p.Ala70Asp",0.32
"p.Ala70Thr",0.305
"p.Ala70Gly",0.367
"p.Ala70Pro",0.483
"p.Glu71Ala",0.206
"p.Glu71Val",0.25
"p.Glu71Asp",0.153
"p.Glu71Lys",0.161
"p.Glu71Gly",0.136
"p.Glu71Gln",0.108
"p.Gly72Ala",0.842
"p.Gly72Val",0.974
"p.Gly72Arg",0.961
"p.Gly72Glu",0.948
"p.Ala73Ser",0.742
"p.Ala73Val",0.526
"p.Ala73Asp",0.934
"p.Ala73Thr",0.721
"p.Ala73Gly",0.839
"p.Ala73Pro",0.983
"p.Val74Ala",0.172
"p.Val74Asp",0.59
"p.Val74Phe",0.799
"p.Val74Ile",0.436
"p.Val74Leu",0.606
"p.Val74Gly",0.664
"p.Asn75Ser",0.832
"p.Asn75Asp",0.927
"p.Asn75Thr",0.923
"p.Asn75Ile",0.973
"p.Asn75Lys",0.95
"p.Asn75Tyr",0.985
"p.Asn75His",0.932
"p.Leu76Val",0.934
"p.Leu76Arg",0.988
"p.Leu76Phe",0.73
"p.Leu76Ile",0.881
"p.Leu76Pro",0.996
"p.Leu76His",0.977
"p.Ile77Ser",0.702
"p.Ile77Val",0.11
"p.Ile77Phe",0.285
"p.Ile77Thr",0.539
"p.Ile77Leu",0.288
"p.Ile77Asn",0.763
"p.Ile77Met",0.587
"p.Ser78Ala",0.233
"p.Ser78Thr",0.39
"p.Ser78Leu",0.612
"p.Ser78Pro",0.863
"p.Arg79Ser",0.951
"p.Arg79Thr",0.854
"p.Arg79Lys",0.887
"p.Arg79Gly",0.911
"p.Arg79Met",0.833
"p.Arg79Trp",0.931
"p.Phe80Ser",0.933
"p.Phe80Val",0.72
"p.Phe80Ile",0.596
"p.Phe80Leu",0.572
"p.Phe80Tyr",0.709
"p.Phe80Cys",0.82
"p.Asp81Ala",0.753
"p.Asp81Val",0.919
"p.Asp81Gly",0.739
"p.Asp81Tyr",0.943
"p.Asp81Asn",0.67
"p.Asp81Glu",0.379
"p.Asp81His",0.852
"p.Arg82Leu",0.811
"p.Arg82Gly",0.837
"p.Arg82Pro",0.968
"p.Arg82Trp",0.933
"p.Arg82Gln",0.495
"p.Met83Val",0.82
"p.Met83Arg",0.98
"p.Met83Thr",0.904
"p.Met83Ile",0.776
"p.Met83Leu",0.672
"p.Met83Lys",0.977
"p.Ala84Ser",0.342
"p.Ala84Val",0.278
"p.Ala84Thr",0.41
"p.Ala84Gly",0.35
"p.Ala84Pro",0.939
"p.Ala84Glu",0.451
"p.Ala85Ser",0.128
"p.Ala85Val",0.201
"p.Ala85Thr",0.147
"p.Ala85Gly",0.253
"p.Ala85Pro",0.673
"p.Ala85Glu",0.178
"p.Gly86Ser",0.702
"p.Gly86Ala",0.721
"p.Gly86Val",0.917
"p.Gly86Arg",0.926
"p.Gly86Asp",0.96
"p.Gly86Cys",0.881
"p.Gly87Ser",0.475
"p.Gly87Ala",0.508
"p.Gly87Val",0.859
"p.Gly87Arg",0.574
"p.Gly87Asp",0.57
"p.Gly87Cys",0.723
"p.Pro88Ser",0.827
"p.Pro88Ala",0.713
"p.Pro88Arg",0.951
"p.Pro88Thr",0.905
"p.Pro88Leu",0.925
"p.Pro88His",0.964
"p.Leu89Val",0.58
"p.Leu89Arg",0.807
"p.Leu89Phe",0.723
"p.Leu89Ile",0.546
"p.Leu89Pro",0.918
"p.Leu89His",0.74
"p.Tyr90Ser",0.912
"p.Tyr90Asp",0.928
"p.Tyr90Phe",0.159
"p.Tyr90Asn",0.908
"p.Tyr90Cys",0.828
"p.Tyr90His",0.787
"p.Ile91Val",0.036
"p.Ile91Arg",0.938
"p.Ile91Thr",0.434
"p.Ile91Leu",0.284
"p.Ile91Lys",0.905
"p.Ile91Met",0.167
"p.Asp92Ala",0.981
"p.Asp92Val",0.987
"p.Asp92Gly",0.992
"p.Asp92Tyr",0.996
"p.Asp92Asn",0.969
"p.Asp92Glu",0.984
"p.Asp92His",0.98
"p.Val93Ala",0.904
"p.Val93Leu",0.648
"p.Val93Gly",0.979
"p.Val93Glu",0.972
"p.Val93Met",0.385
"p.Thr94Ser",0.898
"p.Thr94Ala",0.824
"p.Thr94Ile",0.948
"p.Thr94Asn",0.967
"p.Thr94Pro",0.98
"p.Trp95Ser",0.992
"p.Trp95Arg",0.987
"p.Trp95Leu",0.983
"p.Trp95Gly",0.995
"p.Trp95Cys",0.984
"p.His96Arg",0.843
"p.His96Asp",0.95
"p.His96Leu",0.872
"p.His96Tyr",0.876
"p.His96Asn",0.809
"p.His96Pro",0.979
"p.His96Gln",0.924
"p.Pro97Ser",0.542
"p.Pro97Ala",0.343
"p.Pro97Arg",0.714
"p.Pro97Thr",0.666
"p.Pro97Leu",0.623
"p.Pro97Gln",0.688
"p.Ala98Ser",0.799
"p.Ala98Val",0.92
"p.Ala98Thr",0.852
"p.Ala98Gly",0.698
"p.Ala98Pro",0.964
"p.Ala98Glu",0.939
"p.Gly99Ser",0.766
"p.Gly99Ala",0.841
"p.Gly99Val",0.954
"p.Gly99Arg",0.929
"p.Gly99Asp",0.922
"p.Gly99Cys",0.949
"p.Asp100Ala",0.705
"p.Asp100Val",0.791
"p.Asp100Gly",0.68
"p.Asp100Tyr",0.779
"p.Asp100Asn",0.461
"p.Asp100Glu",0.475
"p.Asp100His",0.693
"p.Pro101Ser",0.45
"p.Pro101Ala",0.342
"p.Pro101Arg",0.676
"p.Pro101Thr",0.554
"p.Pro101Leu",0.732
"p.Pro101His",0.762
"p.Gly102Ser",0.457
"p.Gly102Ala",0.462
"p.Gly102Val",0.826
"p.Gly102Arg",0.825
"p.Gly102Asp",0.87
"p.Gly102Cys",0.788
"p.Ser103Ala",0.322
"p.Ser103Thr",0.36
"p.Ser103Leu",0.533
"p.Ser103Pro",0.899
"p.Asp104Ala",0.67
"p.Asp104Val",0.764
"p.Asp104Gly",0.687
"p.Asp104Tyr",0.93
"p.Asp104Asn",0.429
"p.Asp104Glu",0.394
"p.Asp104His",0.771
"p.Lys105Arg",0.381
"p.Lys105Thr",0.435
"p.Lys105Asn",0.607
"p.Lys105Glu",0.676
"p.Lys105Met",0.66
"p.Lys105Gln",0.607
"p.Glu106Ala",0.499
"p.Glu106Val",0.58
"p.Glu106Asp",0.377
"p.Glu106Lys",0.626
"p.Glu106Gly",0.477
"p.Glu106Gln",0.494
"p.Thr107Ser",0.357
"p.Thr107Ala",0.292
"p.Thr107Ile",0.492
"p.Thr107Asn",0.68
"p.Thr107Pro",0.883
"p.Ser108Ala",0.603
"p.Ser108Phe",0.937
"p.Ser108Thr",0.609
"p.Ser108Tyr",0.93
"p.Ser108Cys",0.915
"p.Ser108Pro",0.97
"p.Ser109Ala",0.897
"p.Ser109Phe",0.991
"p.Ser109Thr",0.548
"p.Ser109Tyr",0.994
"p.Ser109Cys",0.98
"p.Ser109Pro",0.981
"p.Met110Val",0.582
"p.Met110Arg",0.955
"p.Met110Thr",0.504
"p.Met110Ile",0.516
"p.Met110Leu",0.453
"p.Met110Lys",0.936
"p.Met111Val",0.103
"p.Met111Arg",0.539
"p.Met111Thr",0.12
"p.Met111Ile",0.142
"p.Met111Leu",0.133
"p.Met111Lys",0.486
"p.Ile112Ser",0.893
"p.Ile112Val",0.39
"p.Ile112Phe",0.834
"p.Ile112Thr",0.754
"p.Ile112Leu",0.688
"p.Ile112Asn",0.96
"p.Ile112Met",0.742
"p.Ala113Ser",0.625
"p.Ala113Val",0.765
"p.Ala113Asp",0.987
"p.Ala113Thr",0.881
"p.Ala113Gly",0.874
"p.Ala113Pro",0.984
"p.Ser114Arg",0.714
"p.Ser114Thr",0.553
"p.Ser114Ile",0.767
"p.Ser114Gly",0.439
"p.Ser114Asn",0.259
"p.Ser114Cys",0.71
"p.Thr115Ser",0.385
"p.Thr115Ala",0.254
"p.Thr115Ile",0.606
"p.Thr115Asn",0.574
"p.Thr115Pro",0.963
"p.Ala116Ser",0.73
"p.Ala116Val",0.636
"p.Ala116Asp",0.983
"p.Ala116Thr",0.76
"p.Ala116Gly",0.838
"p.Ala116Pro",0.988
"p.Val117Ala",0.376
"p.Val117Leu",0.114
"p.Val117Gly",0.758
"p.Val117Glu",0.556
"p.Val117Met",0.18
"p.Asn118Ser",0.399
"p.Asn118Asp",0.642
"p.Asn118Thr",0.635
"p.Asn118Ile",0.956
"p.Asn118Lys",0.569
"p.Asn118Tyr",0.809
"p.Asn118His",0.656
"p.Tyr119Ser",0.72
"p.Tyr119Asp",0.834
"p.Tyr119Phe",0.374
"p.Tyr119Asn",0.765
"p.Tyr119Cys",0.711
"p.Tyr119His",0.527
"p.Cys120Ser",0.769
"p.Cys120Arg",0.947
"p.Cys120Phe",0.881
"p.Cys120Gly",0.925
"p.Cys120Tyr",0.853
"p.Cys120Trp",0.937
"p.Gly121Ser",0.751
"p.Gly121Ala",0.798
"p.Gly121Val",0.966
"p.Gly121Arg",0.833
"p.Gly121Asp",0.871
"p.Gly121Cys",0.854
"p.Leu122Val",0.244
"p.Leu122Arg",0.91
"p.Leu122Pro",0.941
"p.Leu122Met",0.374
"p.Leu122Gln",0.851
"p.Glu123Ala",0.873
"p.Glu123Val",0.875
"p.Glu123Asp",0.415
"p.Glu123Lys",0.936
"p.Glu123Gly",0.924
"p.Glu123Gln",0.887
"p.Thr124Ser",0.714
"p.Thr124Ala",0.73
"p.Thr124Ile",0.869
"p.Thr124Asn",0.986
"p.Thr124Pro",0.979
"p.Ile125Ser",0.68
"p.Ile125Val",0.078
"p.Ile125Phe",0.52
"p.Ile125Thr",0.437
"p.Ile125Leu",0.197
"p.Ile125Asn",0.727
"p.Ile125Met",0.121
"p.Leu126Val",0.825
"p.Leu126Arg",0.995
"p.Leu126Pro",0.982
"p.Leu126Met",0.526
"p.Leu126Gln",0.983
"p.His127Arg",0.993
"p.His127Asp",0.994
"p.His127Leu",0.993
"p.His127Tyr",0.984
"p.His127Asn",0.986
"p.His127Pro",0.995
"p.His127Gln",0.99
"p.Met128Val",0.695
"p.Met128Arg",0.977
"p.Met128Thr",0.96
"p.Met128Ile",0.431
"p.Met128Leu",0.326
"p.Met128Lys",0.986
"p.Thr129Ser",0.775
"p.Thr129Ala",0.838
"p.Thr129Ile",0.887
"p.Thr129Asn",0.985
"p.Thr129Pro",0.98
"p.Cys130Ser",0.942
"p.Cys130Arg",0.996
"p.Cys130Phe",0.982
"p.Cys130Gly",0.949
"p.Cys130Tyr",0.984
"p.Cys130Trp",0.987
"p.Cys131Ser",0.454
"p.Cys131Arg",0.849
"p.Cys131Phe",0.721
"p.Cys131Gly",0.688
"p.Cys131Tyr",0.606
"p.Cys131Trp",0.763
"p.Arg132Ser",0.236
"p.Arg132Leu",0.412
"p.Arg132Gly",0.185
"p.Arg132Cys",0.206
"p.Arg132Pro",0.594
"p.Arg132His",0.045
"p.Gln133Arg",0.678
"p.Gln133Leu",0.341
"p.Gln133Lys",0.685
"p.Gln133Pro",0.927
"p.Gln133Glu",0.62
"p.Gln133His",0.496
"p.Arg134Ser",0.346
"p.Arg134Leu",0.399
"p.Arg134Gly",0.306
"p.Arg134Cys",0.431
"p.Arg134Pro",0.695
"p.Arg134His",0.192
"p.Leu135Val",0.116
"p.Leu135Arg",0.111
"p.Leu135Pro",0.154
"p.Leu135Met",0.179
"p.Leu135Gln",0.112
"p.Glu136Ala",0.413
"p.Glu136Val",0.569
"p.Glu136Asp",0.286
"p.Glu136Lys",0.508
"p.Glu136Gly",0.465
"p.Glu136Gln",0.562
"p.Glu137Ala",0.385
"p.Glu137Val",0.482
"p.Glu137Asp",0.188
"p.Glu137Lys",0.183
"p.Glu137Gly",0.339
"p.Glu137Gln",0.24
"p.Ile138Ser",0.762
"p.Ile138Val",0.136
"p.Ile138Phe",0.844
"p.Ile138Thr",0.389
"p.Ile138Leu",0.392
"p.Ile138Asn",0.947
"p.Ile138Met",0.588
"p.Thr139Ser",0.213
"p.Thr139Ala",0.274
"p.Thr139Arg",0.477
"p.Thr139Lys",0.373
"p.Thr139Pro",0.834
"p.Thr139Met",0.267
"p.Gly140Ser",0.071
"p.Gly140Ala",0.112
"p.Gly140Val",0.205
"p.Gly140Arg",0.103
"p.Gly140Asp",0.107
"p.Gly140Cys",0.324
"p.His141Arg",0.598
"p.His141Asp",0.674
"p.His141Leu",0.594
"p.His141Tyr",0.19
"p.His141Asn",0.281
"p.His141Pro",0.929
"p.His141Gln",0.352
"p.Leu142Val",0.779
"p.Leu142Arg",0.988
"p.Leu142Pro",0.994
"p.Leu142Met",0.738
"p.Leu142Gln",0.983
"p.His143Arg",0.177
"p.His143Asp",0.153
"p.His143Leu",0.271
"p.His143Tyr",0.216
"p.His143Asn",0.099
"p.His143Pro",0.85
"p.His143Gln",0.102
"p.Lys144Arg",0.214
"p.Lys144Thr",0.481
"p.Lys144Ile",0.834
"p.Lys144Asn",0.632
"p.Lys144Glu",0.668
"p.Lys144Gln",0.583
"p.Ala145Ser",0.716
"p.Ala145Val",0.779
"p.Ala145Asp",0.984
"p.Ala145Thr",0.792
"p.Ala145Gly",0.94
"p.Ala145Pro",0.986
"p.Lys146Arg",0.509
"p.Lys146Thr",0.905
"p.Lys146Asn",0.941
"p.Lys146Glu",0.931
"p.Lys146Met",0.806
"p.Lys146Gln",0.849
"p.Gln147Arg",0.069
"p.Gln147Leu",0.317
"p.Gln147Lys",0.246
"p.Gln147Pro",0.819
"p.Gln147Glu",0.172
"p.Gln147His",0.116
"p.Leu148Val",0.4
"p.Leu148Arg",0.753
"p.Leu148Pro",0.96
"p.Leu148Met",0.493
"p.Leu148Gln",0.582
"p.Gly149Ser",0.982
"p.Gly149Ala",0.973
"p.Gly149Val",0.995
"p.Gly149Arg",0.979
"p.Gly149Asp",0.97
"p.Gly149Cys",0.984
"p.Leu150Val",0.172
"p.Leu150Arg",0.979
"p.Leu150Pro",0.973
"p.Leu150Met",0.503
"p.Leu150Gln",0.966
"p.Lys151Arg",0.253
"p.Lys151Thr",0.654
"p.Lys151Asn",0.8
"p.Lys151Glu",0.722
"p.Lys151Met",0.762
"p.Lys151Gln",0.422
"p.Asn152Ser",0.547
"p.Asn152Asp",0.916
"p.Asn152Thr",0.897
"p.Asn152Ile",0.991
"p.Asn152Lys",0.969
"p.Asn152Tyr",0.959
"p.Asn152His",0.878
"p.Ile153Ser",0.984
"p.Ile153Val",0.401
"p.Ile153Phe",0.908
"p.Ile153Thr",0.952
"p.Ile153Leu",0.8
"p.Ile153Asn",0.986
"p.Ile153Met",0.885
"p.Met154Val",0.72
"p.Met154Arg",0.966
"p.Met154Thr",0.884
"p.Met154Ile",0.679
"p.Met154Leu",0.491
"p.Met154Lys",0.971
"p.Ala155Ser",0.791
"p.Ala155Val",0.682
"p.Ala155Thr",0.747
"p.Ala155Gly",0.907
"p.Ala155Pro",0.972
"p.Ala155Glu",0.977
"p.Leu156Val",0.896
"p.Leu156Arg",0.989
"p.Leu156Pro",0.991
"p.Leu156Met",0.907
"p.Leu156Gln",0.972
"p.Arg157Leu",0.956
"p.Arg157Gly",0.98
"p.Arg157Pro",0.992
"p.Arg157Trp",0.96
"p.Arg157Gln",0.932
"p.Gly158Ala",0.97
"p.Gly158Val",0.991
"p.Gly158Arg",0.981
"p.Gly158Glu",0.988
"p.Asp159Ala",0.963
"p.Asp159Val",0.966
"p.Asp159Gly",0.964
"p.Asp159Tyr",0.97
"p.Asp159Asn",0.928
"p.Asp159Glu",0.911
"p.Asp159His",0.959
"p.Pro160Ser",0.613
"p.Pro160Ala",0.363
"p.Pro160Arg",0.786
"p.Pro160Thr",0.796
"p.Pro160Leu",0.539
"p.Pro160Gln",0.787
"p.Ile161Val",0.021
"p.Ile161Arg",0.051
"p.Ile161Thr",0.026
"p.Ile161Leu",0.049
"p.Ile161Lys",0.035
"p.Ile161Met",0.045
"p.Gly162Ser",0.209
"p.Gly162Ala",0.257
"p.Gly162Val",0.585
"p.Gly162Arg",0.285
"p.Gly162Asp",0.281
"p.Gly162Cys",0.787
"p.Asp163Ala",0.247
"p.Asp163Val",0.41
"p.Asp163Gly",0.154
"p.Asp163Tyr",0.639
"p.Asp163Asn",0.151
"p.Asp163Glu",0.031
"p.Asp163His",0.433
"p.Gln164Arg",0.046
"p.Gln164Leu",0.13
"p.Gln164Lys",0.149
"p.Gln164Pro",0.243
"p.Gln164Glu",0.114
"p.Gln164His",0.046
"p.Trp165Ser",0.933
"p.Trp165Arg",0.959
"p.Trp165Leu",0.832
"p.Trp165Gly",0.9
"p.Trp165Cys",0.946
"p.Glu166Ala",0.277
"p.Glu166Val",0.211
"p.Glu166Asp",0.143
"p.Glu166Lys",0.091
"p.Glu166Gly",0.291
"p.Glu166Gln",0.103
"p.Glu167Ala",0.037
"p.Glu167Val",0.085
"p.Glu167Asp",0.06
"p.Glu167Lys",0.051
"p.Glu167Gly",0.068
"p.Glu167Gln",0.073
"p.Glu168Ala",0.084
"p.Glu168Val",0.079
"p.Glu168Asp",0.07
"p.Glu168Lys",0.063
"p.Glu168Gly",0.121
"p.Glu168Gln",0.091
"p.Glu169Ala",0.25
"p.Glu169Val",0.254
"p.Glu169Asp",0.071
"p.Glu169Lys",0.361
"p.Glu169Gly",0.4
"p.Glu169Gln",0.149
"p.Gly170Ala",0.132
"p.Gly170Val",0.295
"p.Gly170Arg",0.195
"p.Gly170Glu",0.077
"p.Gly171Ser",0.608
"p.Gly171Ala",0.494
"p.Gly171Val",0.697
"p.Gly171Arg",0.695
"p.Gly171Asp",0.655
"p.Gly171Cys",0.895
"p.Phe172Ser",0.92
"p.Phe172Val",0.756
"p.Phe172Ile",0.666
"p.Phe172Leu",0.509
"p.Phe172Tyr",0.458
"p.Phe172Cys",0.707
"p.Asn173Ser",0.051
"p.Asn173Asp",0.203
"p.Asn173Thr",0.095
"p.Asn173Ile",0.441
"p.Asn173Lys",0.095
"p.Asn173Tyr",0.125
"p.Asn173His",0.161
"p.Tyr174Ser",0.671
"p.Tyr174Asp",0.627
"p.Tyr174Phe",0.395
"p.Tyr174Asn",0.575
"p.Tyr174Cys",0.596
"p.Tyr174His",0.214
"p.Ala175Ser",0.746
"p.Ala175Val",0.781
"p.Ala175Thr",0.804
"p.Ala175Gly",0.602
"p.Ala175Pro",0.978
"p.Ala175Glu",0.969
"p.Val176Ala",0.126
"p.Val176Leu",0.106
"p.Val176Gly",0.469
"p.Val176Glu",0.261
"p.Val176Met",0.131
"p.Asp177Ala",0.94
"p.Asp177Val",0.965
"p.Asp177Gly",0.949
"p.Asp177Tyr",0.963
"p.Asp177Asn",0.859
"p.Asp177Glu",0.557
"p.Asp177His",0.886
"p.Leu178Val",0.819
"p.Leu178Arg",0.983
"p.Leu178Pro",0.986
"p.Leu178Met",0.228
"p.Leu178Gln",0.965
"p.Val179Ala",0.933
"p.Val179Leu",0.883
"p.Val179Gly",0.99
"p.Val179Glu",0.973
"p.Val179Met",0.886
"p.Lys180Arg",0.075
"p.Lys180Thr",0.473
"p.Lys180Asn",0.662
"p.Lys180Glu",0.648
"p.Lys180Met",0.856
"p.Lys180Gln",0.584
"p.His181Arg",0.799
"p.His181Asp",0.882
"p.His181Leu",0.654
"p.His181Tyr",0.352
"p.His181Asn",0.888
"p.His181Pro",0.972
"p.His181Gln",0.696
"p.Ile182Ser",0.97
"p.Ile182Val",0.404
"p.Ile182Phe",0.952
"p.Ile182Thr",0.881
"p.Ile182Leu",0.807
"p.Ile182Asn",0.983
"p.Ile182Met",0.763
"p.Arg183Leu",0.954
"p.Arg183Gly",0.97
"p.Arg183Pro",0.99
"p.Arg183Gln",0.912
"p.Ser184Arg",0.091
"p.Ser184Thr",0.102
"p.Ser184Ile",0.222
"p.Ser184Gly",0.128
"p.Ser184Asn",0.051
"p.Ser184Cys",0.15
"p.Glu185Ala",0.45
"p.Glu185Val",0.5
"p.Glu185Asp",0.352
"p.Glu185Lys",0.348
"p.Glu185Gly",0.529
"p.Glu185Gln",0.316
"p.Phe186Ser",0.899
"p.Phe186Val",0.895
"p.Phe186Ile",0.837
"p.Phe186Leu",0.828
"p.Phe186Tyr",0.339
"p.Phe186Cys",0.875
"p.Gly187Ser",0.66
"p.Gly187Ala",0.619
"p.Gly187Val",0.895
"p.Gly187Arg",0.867
"p.Gly187Asp",0.389
"p.Gly187Cys",0.924
"p.Asp188Ala",0.916
"p.Asp188Val",0.957
"p.Asp188Gly",0.843
"p.Asp188Tyr",0.954
"p.Asp188Asn",0.459
"p.Asp188Glu",0.497
"p.Asp188His",0.878
"p.Tyr189Ser",0.804
"p.Tyr189Asp",0.806
"p.Tyr189Phe",0.574
"p.Tyr189Asn",0.768
"p.Tyr189Cys",0.782
"p.Tyr189His",0.348
"p.Phe190Ser",0.991
"p.Phe190Val",0.976
"p.Phe190Ile",0.974
"p.Phe190Leu",0.969
"p.Phe190Tyr",0.916
"p.Phe190Cys",0.974
"p.Asp191Ala",0.607
"p.Asp191Val",0.645
"p.Asp191Gly",0.612
"p.Asp191Tyr",0.9
"p.Asp191Asn",0.457
"p.Asp191Glu",0.273
"p.Asp191His",0.748
"p.Ile192Ser",0.988
"p.Ile192Val",0.146
"p.Ile192Phe",0.914
"p.Ile192Thr",0.898
"p.Ile192Leu",0.628
"p.Ile192Asn",0.989
"p.Ile192Met",0.796
"p.Cys193Ser",0.717
"p.Cys193Arg",0.966
"p.Cys193Phe",0.887
"p.Cys193Gly",0.795
"p.Cys193Tyr",0.916
"p.Cys193Trp",0.971
"p.Val194Ala",0.805
"p.Val194Leu",0.972
"p.Val194Gly",0.973
"p.Val194Glu",0.991
"p.Val194Met",0.844
"p.Ala195Ser",0.811
"p.Ala195Val",0.947
"p.Ala195Thr",0.911
"p.Ala195Gly",0.86
"p.Ala195Pro",0.98
"p.Ala195Glu",0.989
"p.Gly196Ser",0.948
"p.Gly196Ala",0.914
"p.Gly196Val",0.981
"p.Gly196Arg",0.989
"p.Gly196Asp",0.991
"p.Gly196Cys",0.968
"p.Tyr197Ser",0.976
"p.Tyr197Asp",0.976
"p.Tyr197Phe",0.796
"p.Tyr197Asn",0.97
"p.Tyr197Cys",0.976
"p.Tyr197His",0.828
"p.Pro198Ser",0.861
"p.Pro198Ala",0.9
"p.Pro198Arg",0.978
"p.Pro198Thr",0.943
"p.Pro198Leu",0.961
"p.Pro198His",0.98
"p.Lys199Arg",0.151
"p.Lys199Thr",0.127
"p.Lys199Ile",0.396
"p.Lys199Asn",0.143
"p.Lys199Glu",0.438
"p.Lys199Gln",0.282
"p.Gly200Ser",0.803
"p.Gly200Ala",0.759
"p.Gly200Val",0.911
"p.Gly200Arg",0.902
"p.Gly200Asp",0.945
"p.Gly200Cys",0.882
"p.His201Arg",0.968
"p.His201Asp",0.975
"p.His201Leu",0.939
"p.His201Tyr",0.939
"p.His201Asn",0.958
"p.His201Pro",0.985
"p.His201Gln",0.97
"p.Pro202Ser",0.63
"p.Pro202Ala",0.608
"p.Pro202Arg",0.88
"p.Pro202Thr",0.717
"p.Pro202Leu",0.653
"p.Pro202His",0.893
"p.Glu203Ala",0.661
"p.Glu203Val",0.877
"p.Glu203Asp",0.265
"p.Glu203Lys",0.683
"p.Glu203Gly",0.728
"p.Glu203Gln",0.541
"p.Ala204Ser",0.392
"p.Ala204Val",0.546
"p.Ala204Thr",0.497
"p.Ala204Gly",0.657
"p.Ala204Pro",0.914
"p.Ala204Glu",0.721
"p.Gly205Ala",0.196
"p.Gly205Val",0.162
"p.Gly205Arg",0.165
"p.Gly205Glu",0.161
"p.Gly205Trp",0.378
"p.Ser206Arg",0.869
"p.Ser206Thr",0.595
"p.Ser206Ile",0.941
"p.Ser206Gly",0.475
"p.Ser206Asn",0.653
"p.Ser206Cys",0.762
"p.Phe207Ser",0.179
"p.Phe207Val",0.219
"p.Phe207Ile",0.17
"p.Phe207Leu",0.161
"p.Phe207Tyr",0.074
"p.Phe207Cys",0.233
"p.Glu208Ala",0.438
"p.Glu208Val",0.637
"p.Glu208Asp",0.353
"p.Glu208Lys",0.447
"p.Glu208Gly",0.554
"p.Glu208Gln",0.487
"p.Ala209Ser",0.11
"p.Ala209Val",0.142
"p.Ala209Asp",0.124
"p.Ala209Thr",0.095
"p.Ala209Gly",0.25
"p.Ala209Pro",0.767
"p.Asp210Ala",0.932
"p.Asp210Val",0.967
"p.Asp210Gly",0.936
"p.Asp210Tyr",0.992
"p.Asp210Asn",0.933
"p.Asp210Glu",0.811
"p.Asp210His",0.96
"p.Leu211Val",0.472
"p.Leu211Arg",0.968
"p.Leu211Pro",0.991
"p.Leu211Met",0.492
"p.Leu211Gln",0.977
"p.Lys212Arg",0.042
"p.Lys212Thr",0.121
"p.Lys212Asn",0.339
"p.Lys212Glu",0.158
"p.Lys212Met",0.109
"p.Lys212Gln",0.127
"p.His213Arg",0.291
"p.His213Asp",0.816
"p.His213Leu",0.55
"p.His213Tyr",0.179
"p.His213Asn",0.495
"p.His213Pro",0.966
"p.His213Gln",0.733
"p.Leu214Ser",0.967
"p.Leu214Val",0.929
"p.Leu214Phe",0.899
"p.Leu214Met",0.897
"p.Leu214Trp",0.978
"p.Lys215Arg",0.886
"p.Lys215Thr",0.938
"p.Lys215Asn",0.974
"p.Lys215Glu",0.953
"p.Lys215Met",0.895
"p.Lys215Gln",0.952
"p.Glu216Ala",0.58
"p.Glu216Val",0.812
"p.Glu216Asp",0.498
"p.Glu216Lys",0.681
"p.Glu216Gly",0.85
"p.Glu216Gln",0.486
"p.Lys217Arg",0.972
"p.Lys217Thr",0.984
"p.Lys217Asn",0.984
"p.Lys217Glu",0.981
"p.Lys217Met",0.96
"p.Lys217Gln",0.984
"p.Val218Ala",0.757
"p.Val218Leu",0.569
"p.Val218Gly",0.97
"p.Val218Glu",0.895
"p.Val218Met",0.647
"p.Ser219Ala",0.111
"p.Ser219Phe",0.16
"p.Ser219Thr",0.185
"p.Ser219Tyr",0.375
"p.Ser219Cys",0.296
"p.Ser219Pro",0.819
"p.Ala220Ser",0.664
"p.Ala220Val",0.801
"p.Ala220Thr",0.763
"p.Ala220Gly",0.864
"p.Ala220Pro",0.976
"p.Ala220Glu",0.846
"p.Gly221Ala",0.981
"p.Gly221Val",0.981
"p.Gly221Arg",0.93
"p.Gly221Glu",0.97
"p.Ala222Ser",0.769
"p.Ala222Val",0.831
"p.Ala222Asp",0.985
"p.Ala222Thr",0.81
"p.Ala222Gly",0.596
"p.Ala222Pro",0.99
"p.Asp223Ala",0.913
"p.Asp223Val",0.975
"p.Asp223Gly",0.871
"p.Asp223Tyr",0.978
"p.Asp223Asn",0.404
"p.Asp223Glu",0.438
"p.Asp223His",0.762
"p.Phe224Ser",0.971
"p.Phe224Val",0.896
"p.Phe224Ile",0.826
"p.Phe224Leu",0.76
"p.Phe224Tyr",0.798
"p.Phe224Cys",0.96
"p.Ile225Ser",0.955
"p.Ile225Val",0.126
"p.Ile225Phe",0.937
"p.Ile225Thr",0.943
"p.Ile225Leu",0.822
"p.Ile225Asn",0.991
"p.Ile225Met",0.89
"p.Ile226Ser",0.986
"p.Ile226Val",0.404
"p.Ile226Phe",0.889
"p.Ile226Thr",0.928
"p.Ile226Leu",0.915
"p.Ile226Asn",0.994
"p.Ile226Met",0.946
"p.Thr227Ser",0.842
"p.Thr227Ala",0.944
"p.Thr227Arg",0.995
"p.Thr227Lys",0.994
"p.Thr227Pro",0.996
"p.Thr227Met",0.983
"p.Gln228Arg",0.983
"p.Gln228Leu",0.968
"p.Gln228Lys",0.992
"p.Gln228Pro",0.994
"p.Gln228Glu",0.977
"p.Gln228His",0.973
"p.Leu229Val",0.899
"p.Leu229Arg",0.987
"p.Leu229Phe",0.781
"p.Leu229Ile",0.784
"p.Leu229Pro",0.99
"p.Leu229His",0.961
"p.Phe230Ser",0.977
"p.Phe230Val",0.947
"p.Phe230Ile",0.877
"p.Phe230Leu",0.957
"p.Phe230Tyr",0.811
"p.Phe230Cys",0.957
"p.Phe231Ser",0.985
"p.Phe231Val",0.979
"p.Phe231Ile",0.968
"p.Phe231Leu",0.88
"p.Phe231Tyr",0.509
"p.Phe231Cys",0.969
"p.Glu232Ala",0.474
"p.Glu232Val",0.631
"p.Glu232Asp",0.287
"p.Glu232Lys",0.297
"p.Glu232Gly",0.547
"p.Glu232Gln",0.322
"p.Ala233Ser",0.241
"p.Ala233Val",0.488
"p.Ala233Asp",0.868
"p.Ala233Thr",0.211
"p.Ala233Gly",0.761
"p.Ala233Pro",0.712
"p.Asp234Ala",0.426
"p.Asp234Val",0.733
"p.Asp234Gly",0.497
"p.Asp234Tyr",0.812
"p.Asp234Asn",0.197
"p.Asp234Glu",0.11
"p.Asp234His",0.448
"p.Thr235Ser",0.398
"p.Thr235Ala",0.47
"p.Thr235Arg",0.832
"p.Thr235Ile",0.655
"p.Thr235Lys",0.753
"p.Thr235Pro",0.954
"p.Phe236Ser",0.991
"p.Phe236Val",0.972
"p.Phe236Ile",0.97
"p.Phe236Leu",0.958
"p.Phe236Tyr",0.69
"p.Phe236Cys",0.976
"p.Phe237Ser",0.547
"p.Phe237Val",0.236
"p.Phe237Ile",0.175
"p.Phe237Leu",0.148
"p.Phe237Tyr",0.372
"p.Phe237Cys",0.406
"p.Arg238Ser",0.221
"p.Arg238Leu",0.384
"p.Arg238Gly",0.4
"p.Arg238Cys",0.447
"p.Arg238Pro",0.918
"p.Arg238His",0.066
"p.Phe239Ser",0.988
"p.Phe239Val",0.97
"p.Phe239Ile",0.967
"p.Phe239Leu",0.861
"p.Phe239Tyr",0.815
"p.Phe239Cys",0.971
"p.Val240Ala",0.334
"p.Val240Leu",0.182
"p.Val240Gly",0.945
"p.Val240Glu",0.816
"p.Val240Met",0.203
"p.Lys241Arg",0.181
"p.Lys241Thr",0.375
"p.Lys241Asn",0.267
"p.Lys241Glu",0.386
"p.Lys241Met",0.665
"p.Lys241Gln",0.388
"p.Ala242Ser",0.481
"p.Ala242Val",0.542
"p.Ala242Thr",0.555
"p.Ala242Gly",0.621
"p.Ala242Pro",0.903
"p.Ala242Glu",0.375
"p.Cys243Ser",0.95
"p.Cys243Arg",0.995
"p.Cys243Phe",0.987
"p.Cys243Gly",0.987
"p.Cys243Tyr",0.985
"p.Cys243Trp",0.96
"p.Thr244Ser",0.057
"p.Thr244Ala",0.068
"p.Thr244Ile",0.12
"p.Thr244Asn",0.086
"p.Thr244Pro",0.736
"p.Asp245Ala",0.087
"p.Asp245Val",0.312
"p.Asp245Gly",0.168
"p.Asp245Tyr",0.246
"p.Asp245Asn",0.058
"p.Asp245Glu",0.04
"p.Asp245His",0.137
"p.Met246Val",0.078
"p.Met246Arg",0.836
"p.Met246Thr",0.431
"p.Met246Ile",0.065
"p.Met246Leu",0.151
"p.Met246Lys",0.813
"p.Gly247Ser",0.882
"p.Gly247Ala",0.929
"p.Gly247Val",0.961
"p.Gly247Arg",0.873
"p.Gly247Asp",0.776
"p.Gly247Cys",0.953
"p.Ile248Ser",0.892
"p.Ile248Val",0.338
"p.Ile248Phe",0.924
"p.Ile248Thr",0.864
"p.Ile248Leu",0.732
"p.Ile248Asn",0.977
"p.Ile248Met",0.809
"p.Thr249Ser",0.15
"p.Thr249Ala",0.294
"p.Thr249Ile",0.64
"p.Thr249Asn",0.267
"p.Thr249Pro",0.847
"p.Cys250Ser",0.736
"p.Cys250Arg",0.937
"p.Cys250Phe",0.794
"p.Cys250Gly",0.941
"p.Cys250Tyr",0.905
"p.Cys250Trp",0.951
"p.Pro251Ser",0.898
"p.Pro251Ala",0.888
"p.Pro251Arg",0.815
"p.Pro251Thr",0.853
"p.Pro251Leu",0.779
"p.Pro251His",0.889
"p.Ile252Ser",0.98
"p.Ile252Val",0.298
"p.Ile252Phe",0.919
"p.Ile252Thr",0.959
"p.Ile252Leu",0.729
"p.Ile252Asn",0.969
"p.Ile252Met",0.876
"p.Val253Ala",0.741
"p.Val253Asp",0.942
"p.Val253Phe",0.58
"p.Val253Ile",0.037
"p.Val253Leu",0.116
"p.Val253Gly",0.97
"p.Pro254Ser",0.966
"p.Pro254Ala",0.906
"p.Pro254Arg",0.972
"p.Pro254Thr",0.965
"p.Pro254Leu",0.97
"p.Pro254His",0.977
"p.Gly255Ala",0.95
"p.Gly255Val",0.983
"p.Gly255Arg",0.961
"p.Gly255Glu",0.946
"p.Gly255Trp",0.959
"p.Ile256Ser",0.969
"p.Ile256Val",0.16
"p.Ile256Phe",0.907
"p.Ile256Thr",0.927
"p.Ile256Leu",0.747
"p.Ile256Asn",0.969
"p.Ile256Met",0.864
"p.Phe257Ser",0.939
"p.Phe257Val",0.743
"p.Phe257Ile",0.607
"p.Phe257Leu",0.428
"p.Phe257Tyr",0.761
"p.Phe257Cys",0.902
"p.Pro258Ser",0.931
"p.Pro258Ala",0.925
"p.Pro258Arg",0.975
"p.Pro258Thr",0.952
"p.Pro258Leu",0.947
"p.Pro258His",0.973
"p.Ile259Ser",0.984
"p.Ile259Val",0.611
"p.Ile259Phe",0.893
"p.Ile259Thr",0.956
"p.Ile259Leu",0.908
"p.Ile259Asn",0.986
"p.Ile259Met",0.94
"p.Gln260Arg",0.943
"p.Gln260Leu",0.9
"p.Gln260Lys",0.969
"p.Gln260Pro",0.972
"p.Gln260Glu",0.947
"p.Gln260His",0.896
"p.Gly261Ser",0.236
"p.Gly261Ala",0.477
"p.Gly261Val",0.803
"p.Gly261Arg",0.83
"p.Gly261Asp",0.717
"p.Gly261Cys",0.901
"p.Tyr262Ser",0.824
"p.Tyr262Asp",0.934
"p.Tyr262Phe",0.672
"p.Tyr262Asn",0.831
"p.Tyr262Cys",0.878
"p.Tyr262His",0.602
"p.His263Arg",0.164
"p.His263Asp",0.237
"p.His263Leu",0.251
"p.His263Tyr",0.246
"p.His263Asn",0.154
"p.His263Pro",0.838
"p.His263Gln",0.14
"p.Ser264Ala",0.563
"p.Ser264Phe",0.929
"p.Ser264Thr",0.665
"p.Ser264Tyr",0.924
"p.Ser264Cys",0.815
"p.Ser264Pro",0.952
"p.Leu265Val",0.321
"p.Leu265Arg",0.945
"p.Leu265Phe",0.1
"p.Leu265Ile",0.158
"p.Leu265Pro",0.974
"p.Leu265His",0.921
"p.Arg266Leu",0.448
"p.Arg266Gly",0.764
"p.Arg266Pro",0.975
"p.Arg266Trp",0.614
"p.Arg266Gln",0.253
"p.Gln267Arg",0.475
"p.Gln267Leu",0.723
"p.Gln267Lys",0.552
"p.Gln267Pro",0.967
"p.Gln267Glu",0.766
"p.Gln267His",0.37
"p.Leu268Val",0.444
"p.Leu268Arg",0.836
"p.Leu268Phe",0.571
"p.Leu268Ile",0.354
"p.Leu268Pro",0.976
"p.Leu268His",0.921
"p.Val269Ala",0.241
"p.Val269Leu",0.694
"p.Val269Gly",0.851
"p.Val269Glu",0.781
"p.Val269Met",0.45
"p.Lys270Arg",0.456
"p.Lys270Thr",0.543
"p.Lys270Asn",0.571
"p.Lys270Glu",0.727
"p.Lys270Met",0.756
"p.Lys270Gln",0.573
"p.Leu271Val",0.767
"p.Leu271Arg",0.898
"p.Leu271Pro",0.984
"p.Leu271Met",0.78
"p.Leu271Gln",0.909
"p.Ser272Ala",0.439
"p.Ser272Phe",0.746
"p.Ser272Thr",0.507
"p.Ser272Tyr",0.93
"p.Ser272Cys",0.413
"p.Ser272Pro",0.971
"p.Lys273Arg",0.296
"p.Lys273Thr",0.915
"p.Lys273Asn",0.651
"p.Lys273Glu",0.82
"p.Lys273Met",0.954
"p.Lys273Gln",0.719
"p.Leu274Val",0.554
"p.Leu274Arg",0.891
"p.Leu274Pro",0.967
"p.Leu274Met",0.711
"p.Leu274Gln",0.86
"p.Glu275Ala",0.595
"p.Glu275Val",0.574
"p.Glu275Asp",0.215
"p.Glu275Lys",0.393
"p.Glu275Gly",0.73
"p.Glu275Gln",0.481
"p.Val276Ala",0.747
"p.Val276Leu",0.456
"p.Val276Gly",0.948
"p.Val276Glu",0.967
"p.Val276Met",0.55
"p.Pro277Ser",0.904
"p.Pro277Ala",0.901
"p.Pro277Arg",0.923
"p.Pro277Thr",0.909
"p.Pro277Leu",0.977
"p.Pro277Gln",0.97
"p.Gln278Arg",0.397
"p.Gln278Leu",0.654
"p.Gln278Lys",0.359
"p.Gln278Pro",0.811
"p.Gln278Glu",0.251
"p.Gln278His",0.435
"p.Glu279Ala",0.244
"p.Glu279Val",0.415
"p.Glu279Asp",0.129
"p.Glu279Lys",0.116
"p.Glu279Gly",0.37
"p.Glu279Gln",0.184
"p.Ile280Ser",0.983
"p.Ile280Val",0.32
"p.Ile280Phe",0.692
"p.Ile280Thr",0.906
"p.Ile280Leu",0.765
"p.Ile280Asn",0.979
"p.Ile280Met",0.767
"p.Lys281Arg",0.034
"p.Lys281Thr",0.057
"p.Lys281Asn",0.143
"p.Lys281Glu",0.282
"p.Lys281Met",0.066
"p.Lys281Gln",0.201
"p.Asp282Ala",0.349
"p.Asp282Val",0.685
"p.Asp282Gly",0.566
"p.Asp282Tyr",0.848
"p.Asp282Asn",0.278
"p.Asp282Glu",0.123
"p.Asp282His",0.441
"p.Val283Ala",0.155
"p.Val283Leu",0.233
"p.Val283Gly",0.451
"p.Val283Glu",0.469
"p.Val283Met",0.186
"p.Ile284Ser",0.927
"p.Ile284Val",0.291
"p.Ile284Phe",0.672
"p.Ile284Thr",0.747
"p.Ile284Leu",0.402
"p.Ile284Asn",0.974
"p.Ile284Met",0.454
"p.Glu285Ala",0.516
"p.Glu285Val",0.771
"p.Glu285Asp",0.323
"p.Glu285Lys",0.736
"p.Glu285Gly",0.855
"p.Glu285Gln",0.494
"p.Pro286Ser",0.553
"p.Pro286Ala",0.439
"p.Pro286Arg",0.872
"p.Pro286Thr",0.748
"p.Pro286Leu",0.839
"p.Pro286Gln",0.844
"p.Ile287Ser",0.928
"p.Ile287Val",0.459
"p.Ile287Phe",0.762
"p.Ile287Thr",0.844
"p.Ile287Leu",0.592
"p.Ile287Asn",0.951
"p.Ile287Met",0.655
"p.Lys288Arg",0.557
"p.Lys288Thr",0.94
"p.Lys288Ile",0.936
"p.Lys288Asn",0.909
"p.Lys288Glu",0.934
"p.Lys288Gln",0.833
"p.Asp289Ala",0.79
"p.Asp289Val",0.928
"p.Asp289Gly",0.756
"p.Asp289Tyr",0.898
"p.Asp289Asn",0.508
"p.Asp289Glu",0.343
"p.Asp289His",0.659
"p.Asn290Ser",0.588
"p.Asn290Asp",0.459
"p.Asn290Thr",0.868
"p.Asn290Ile",0.954
"p.Asn290Lys",0.888
"p.Asn290Tyr",0.909
"p.Asn290His",0.838
"p.Asp291Ala",0.908
"p.Asp291Val",0.96
"p.Asp291Gly",0.95
"p.Asp291Tyr",0.979
"p.Asp291Asn",0.848
"p.Asp291Glu",0.705
"p.Asp291His",0.933
"p.Ala292Ser",0.412
"p.Ala292Val",0.299
"p.Ala292Asp",0.335
"p.Ala292Thr",0.525
"p.Ala292Gly",0.54
"p.Ala292Pro",0.897
"p.Ala293Ser",0.752
"p.Ala293Val",0.863
"p.Ala293Asp",0.814
"p.Ala293Thr",0.834
"p.Ala293Gly",0.814
"p.Ala293Pro",0.982
"p.Ile294Ser",0.959
"p.Ile294Val",0.132
"p.Ile294Phe",0.926
"p.Ile294Thr",0.863
"p.Ile294Leu",0.848
"p.Ile294Asn",0.982
"p.Ile294Met",0.905
"p.Arg295Ser",0.976
"p.Arg295Leu",0.939
"p.Arg295Gly",0.981
"p.Arg295Cys",0.856
"p.Arg295Pro",0.993
"p.Arg295His",0.93
"p.Asn296Ser",0.092
"p.Asn296Asp",0.237
"p.Asn296Thr",0.239
"p.Asn296Ile",0.696
"p.Asn296Lys",0.231
"p.Asn296Tyr",0.768
"p.Asn296His",0.463
"p.Tyr297Ser",0.987
"p.Tyr297Asp",0.974
"p.Tyr297Phe",0.375
"p.Tyr297Asn",0.957
"p.Tyr297Cys",0.893
"p.Tyr297His",0.887
"p.Gly298Ser",0.965
"p.Gly298Ala",0.969
"p.Gly298Val",0.974
"p.Gly298Arg",0.99
"p.Gly298Asp",0.995
"p.Gly298Cys",0.979
"p.Ile299Ser",0.859
"p.Ile299Val",0.051
"p.Ile299Phe",0.854
"p.Ile299Thr",0.479
"p.Ile299Leu",0.596
"p.Ile299Asn",0.968
"p.Ile299Met",0.788
"p.Glu300Ala",0.482
"p.Glu300Val",0.548
"p.Glu300Asp",0.28
"p.Glu300Lys",0.236
"p.Glu300Gly",0.537
"p.Glu300Gln",0.26
"p.Leu301Val",0.227
"p.Leu301Arg",0.319
"p.Leu301Pro",0.959
"p.Leu301Met",0.259
"p.Leu301Gln",0.204
"p.Ala302Ser",0.551
"p.Ala302Val",0.44
"p.Ala302Asp",0.967
"p.Ala302Thr",0.486
"p.Ala302Gly",0.61
"p.Ala302Pro",0.983
"p.Val303Ala",0.403
"p.Val303Leu",0.677
"p.Val303Gly",0.796
"p.Val303Glu",0.858
"p.Val303Met",0.576
"p.Ser304Arg",0.133
"p.Ser304Thr",0.082
"p.Ser304Ile",0.341
"p.Ser304Gly",0.192
"p.Ser304Asn",0.056
"p.Ser304Cys",0.511
"p.Leu305Val",0.531
"p.Leu305Arg",0.969
"p.Leu305Pro",0.981
"p.Leu305Met",0.263
"p.Leu305Gln",0.873
"p.Cys306Ser",0.785
"p.Cys306Arg",0.991
"p.Cys306Phe",0.964
"p.Cys306Gly",0.911
"p.Cys306Tyr",0.967
"p.Cys306Trp",0.98
"p.Gln307Arg",0.096
"p.Gln307Leu",0.481
"p.Gln307Lys",0.215
"p.Gln307Pro",0.937
"p.Gln307Glu",0.259
"p.Gln307His",0.249
"p.Glu308Ala",0.524
"p.Glu308Val",0.622
"p.Glu308Asp",0.264
"p.Glu308Lys",0.274
"p.Glu308Gly",0.644
"p.Glu308Gln",0.233
"p.Leu309Val",0.79
"p.Leu309Arg",0.985
"p.Leu309Phe",0.815
"p.Leu309Ile",0.588
"p.Leu309Pro",0.984
"p.Leu309His",0.969
"p.Leu310Val",0.49
"p.Leu310Arg",0.845
"p.Leu310Pro",0.987
"p.Leu310Met",0.59
"p.Leu310Gln",0.883
"p.Ala311Ser",0.093
"p.Ala311Val",0.123
"p.Ala311Asp",0.137
"p.Ala311Thr",0.098
"p.Ala311Gly",0.084
"p.Ala311Pro",0.845
"p.Ser312Arg",0.779
"p.Ser312Thr",0.569
"p.Ser312Ile",0.853
"p.Ser312Gly",0.497
"p.Ser312Asn",0.445
"p.Ser312Cys",0.699
"p.Gly313Ser",0.63
"p.Gly313Ala",0.771
"p.Gly313Val",0.956
"p.Gly313Arg",0.738
"p.Gly313Asp",0.618
"p.Gly313Cys",0.932
"p.Leu314Ser",0.068
"p.Leu314Val",0.05
"p.Leu314Phe",0.155
"p.Leu314Met",0.09
"p.Leu314Trp",0.082
"p.Val315Ala",0.468
"p.Val315Leu",0.879
"p.Val315Gly",0.988
"p.Val315Glu",0.973
"p.Val315Met",0.883
"p.Pro316Ser",0.341
"p.Pro316Ala",0.341
"p.Pro316Arg",0.502
"p.Pro316Thr",0.503
"p.Pro316Leu",0.6
"p.Pro316Gln",0.449
"p.Gly317Ser",0.782
"p.Gly317Ala",0.799
"p.Gly317Val",0.95
"p.Gly317Arg",0.944
"p.Gly317Asp",0.93
"p.Gly317Cys",0.925
"p.Leu318Val",0.577
"p.Leu318Arg",0.989
"p.Leu318Phe",0.805
"p.Leu318Ile",0.502
"p.Leu318Pro",0.99
"p.Leu318His",0.971
"p.His319Arg",0.992
"p.His319Asp",0.994
"p.His319Leu",0.992
"p.His319Tyr",0.985
"p.His319Asn",0.991
"p.His319Pro",0.995
"p.His319Gln",0.988
"p.Phe320Ser",0.984
"p.Phe320Val",0.835
"p.Phe320Ile",0.672
"p.Phe320Leu",0.806
"p.Phe320Tyr",0.816
"p.Phe320Cys",0.93
"p.Tyr321Ser",0.983
"p.Tyr321Asp",0.99
"p.Tyr321Phe",0.823
"p.Tyr321Asn",0.989
"p.Tyr321Cys",0.959
"p.Tyr321His",0.981
"p.Thr322Ser",0.772
"p.Thr322Ala",0.826
"p.Thr322Ile",0.915
"p.Thr322Asn",0.981
"p.Thr322Pro",0.963
"p.Leu323Val",0.896
"p.Leu323Arg",0.969
"p.Leu323Phe",0.834
"p.Leu323Ile",0.862
"p.Leu323Pro",0.984
"p.Leu323His",0.934
"p.Asn324Ser",0.954
"p.Asn324Asp",0.965
"p.Asn324Thr",0.989
"p.Asn324Ile",0.99
"p.Asn324Lys",0.986
"p.Asn324Tyr",0.985
"p.Asn324His",0.97
"p.Arg325Ser",0.887
"p.Arg325Leu",0.714
"p.Arg325Gly",0.911
"p.Arg325Cys",0.791
"p.Arg325Pro",0.993
"p.Arg325His",0.677
"p.Glu326Ala",0.794
"p.Glu326Val",0.924
"p.Glu326Asp",0.583
"p.Glu326Lys",0.903
"p.Glu326Gly",0.933
"p.Glu326Gln",0.811
"p.Met327Val",0.18
"p.Met327Arg",0.479
"p.Met327Thr",0.177
"p.Met327Ile",0.268
"p.Met327Leu",0.25
"p.Met327Lys",0.484
"p.Ala328Ser",0.651
"p.Ala328Val",0.853
"p.Ala328Asp",0.972
"p.Ala328Thr",0.792
"p.Ala328Gly",0.859
"p.Ala328Pro",0.953
"p.Thr329Ser",0.614
"p.Thr329Ala",0.718
"p.Thr329Ile",0.748
"p.Thr329Asn",0.931
"p.Thr329Pro",0.957
"p.Thr330Ser",0.196
"p.Thr330Ala",0.199
"p.Thr330Arg",0.219
"p.Thr330Ile",0.097
"p.Thr330Lys",0.186
"p.Thr330Pro",0.957
"p.Glu331Ala",0.477
"p.Glu331Val",0.752
"p.Glu331Asp",0.368
"p.Glu331Lys",0.495
"p.Glu331Gly",0.596
"p.Glu331Gln",0.404
"p.Val332Ala",0.874
"p.Val332Leu",0.558
"p.Val332Gly",0.985
"p.Val332Glu",0.979
"p.Val332Met",0.82
"p.Leu333Val",0.888
"p.Leu333Arg",0.982
"p.Leu333Pro",0.994
"p.Leu333Met",0.889
"p.Leu333Gln",0.982
"p.Lys334Arg",0.417
"p.Lys334Thr",0.679
"p.Lys334Asn",0.792
"p.Lys334Glu",0.773
"p.Lys334Met",0.727
"p.Lys334Gln",0.733
"p.Arg335Ser",0.715
"p.Arg335Leu",0.599
"p.Arg335Gly",0.718
"p.Arg335Cys",0.757
"p.Arg335Pro",0.969
"p.Arg335His",0.298
"p.Leu336Val",0.652
"p.Leu336Arg",0.984
"p.Leu336Pro",0.989
"p.Leu336Met",0.796
"p.Leu336Gln",0.969
"p.Gly337Ala",0.792
"p.Gly337Val",0.964
"p.Gly337Arg",0.812
"p.Gly337Glu",0.742
"p.Gly337Trp",0.919
"p.Met338Val",0.459
"p.Met338Arg",0.918
"p.Met338Thr",0.762
"p.Met338Ile",0.211
"p.Met338Leu",0.265
"p.Met338Lys",0.917
"p.Trp339Ser",0.857
"p.Trp339Arg",0.859
"p.Trp339Leu",0.784
"p.Trp339Gly",0.833
"p.Trp339Cys",0.727
"p.Thr340Ser",0.088
"p.Thr340Ala",0.091
"p.Thr340Ile",0.108
"p.Thr340Asn",0.122
"p.Thr340Pro",0.339
"p.Glu341Ala",0.503
"p.Glu341Val",0.482
"p.Glu341Asp",0.443
"p.Glu341Lys",0.565
"p.Glu341Gly",0.634
"p.Glu341Gln",0.396
"p.Asp342Ala",0.485
"p.Asp342Val",0.606
"p.Asp342Gly",0.629
"p.Asp342Tyr",0.596
"p.Asp342Asn",0.334
"p.Asp342Glu",0.128
"p.Asp342His",0.52
"p.Pro343Ser",0.353
"p.Pro343Ala",0.328
"p.Pro343Arg",0.579
"p.Pro343Thr",0.41
"p.Pro343Leu",0.334
"p.Pro343His",0.536
"p.Arg344Ser",0.517
"p.Arg344Thr",0.485
"p.Arg344Lys",0.393
"p.Arg344Gly",0.443
"p.Arg344Met",0.35
"p.Arg344Trp",0.256
"p.Arg345Ser",0.705
"p.Arg345Leu",0.795
"p.Arg345Gly",0.789
"p.Arg345Cys",0.738
"p.Arg345Pro",0.9
"p.Arg345His",0.552
"p.Pro346Ser",0.402
"p.Pro346Ala",0.367
"p.Pro346Arg",0.589
"p.Pro346Thr",0.507
"p.Pro346Leu",0.394
"p.Pro346His",0.626
"p.Leu347Val",0.737
"p.Leu347Arg",0.944
"p.Leu347Ile",0.543
"p.Leu347Pro",0.939
"p.Leu347Gln",0.916
"p.Pro348Ser",0.913
"p.Pro348Ala",0.91
"p.Pro348Arg",0.913
"p.Pro348Thr",0.915
"p.Pro348Leu",0.924
"p.Pro348His",0.917
"p.Trp349Ser",0.965
"p.Trp349Arg",0.961
"p.Trp349Leu",0.942
"p.Trp349Gly",0.961
"p.Trp349Cys",0.927
"p.Ala350Ser",0.307
"p.Ala350Val",0.334
"p.Ala350Asp",0.501
"p.Ala350Thr",0.298
"p.Ala350Gly",0.408
"p.Ala350Pro",0.617
"p.Leu351Val",0.093
"p.Leu351Arg",0.422
"p.Leu351Phe",0.117
"p.Leu351Ile",0.12
"p.Leu351Pro",0.452
"p.Leu351His",0.308
"p.Ser352Arg",0.872
"p.Ser352Thr",0.517
"p.Ser352Ile",0.788
"p.Ser352Gly",0.683
"p.Ser352Asn",0.645
"p.Ser352Cys",0.561
"p.Ala353Ser",0.434
"p.Ala353Val",0.511
"p.Ala353Asp",0.805
"p.Ala353Thr",0.447
"p.Ala353Gly",0.569
"p.Ala353Pro",0.873
"p.His354Arg",0.472
"p.His354Asp",0.612
"p.His354Leu",0.67
"p.His354Tyr",0.583
"p.His354Asn",0.531
"p.His354Pro",0.783
"p.His354Gln",0.386
"p.Pro355Ser",0.323
"p.Pro355Ala",0.299
"p.Pro355Arg",0.435
"p.Pro355Thr",0.436
"p.Pro355Leu",0.388
"p.Pro355His",0.422
"p.Lys356Arg",0.296
"p.Lys356Thr",0.542
"p.Lys356Asn",0.513
"p.Lys356Glu",0.644
"p.Lys356Met",0.445
"p.Lys356Gln",0.516
"p.Arg357Ser",0.967
"p.Arg357Leu",0.937
"p.Arg357Gly",0.94
"p.Arg357Cys",0.909
"p.Arg357Pro",0.973
"p.Arg357His",0.903
"p.Arg358Leu",0.479
"p.Arg358Gly",0.626
"p.Arg358Pro",0.709
"p.Arg358Gln",0.369
"p.Glu359Ala",0.223
"p.Glu359Val",0.309
"p.Glu359Asp",0.217
"p.Glu359Lys",0.385
"p.Glu359Gly",0.309
"p.Glu359Gln",0.272
"p.Glu360Ala",0.902
"p.Glu360Val",0.892
"p.Glu360Asp",0.826
"p.Glu360Lys",0.912
"p.Glu360Gly",0.914
"p.Glu360Gln",0.843
"p.Asp361Ala",0.815
"p.Asp361Val",0.795
"p.Asp361Gly",0.832
"p.Asp361Tyr",0.87
"p.Asp361Asn",0.635
"p.Asp361Glu",0.472
"p.Asp361His",0.782
"p.Val362Ala",0.817
"p.Val362Ile",0.27
"p.Val362Leu",0.78
"p.Val362Gly",0.961
"p.Val362Glu",0.948
"p.Arg363Ser",0.968
"p.Arg363Leu",0.932
"p.Arg363Gly",0.942
"p.Arg363Cys",0.92
"p.Arg363Pro",0.972
"p.Arg363His",0.892
"p.Pro364Ser",0.931
"p.Pro364Ala",0.927
"p.Pro364Arg",0.949
"p.Pro364Thr",0.929
"p.Pro364Leu",0.937
"p.Pro364His",0.938
"p.Ile365Ser",0.926
"p.Ile365Val",0.329
"p.Ile365Phe",0.832
"p.Ile365Thr",0.831
"p.Ile365Leu",0.728
"p.Ile365Asn",0.942
"p.Ile365Met",0.811
"p.Phe366Ser",0.964
"p.Phe366Val",0.923
"p.Phe366Ile",0.901
"p.Phe366Leu",0.909
"p.Phe366Tyr",0.607
"p.Phe366Cys",0.926
"p.Trp367Ser",0.975
"p.Trp367Arg",0.968
"p.Trp367Leu",0.959
"p.Trp367Gly",0.968
"p.Trp367Cys",0.949
"p.Ala368Ser",0.364
"p.Ala368Val",0.597
"p.Ala368Asp",0.815
"p.Ala368Thr",0.456
"p.Ala368Gly",0.581
"p.Ala368Pro",0.841
"p.Ser369Ala",0.269
"p.Ser369Phe",0.502
"p.Ser369Thr",0.24
"p.Ser369Tyr",0.555
"p.Ser369Cys",0.45
"p.Ser369Pro",0.817
"p.Arg370Ser",0.954
"p.Arg370Thr",0.933
"p.Arg370Ile",0.924
"p.Arg370Lys",0.881
"p.Arg370Gly",0.946
"p.Pro371Ser",0.728
"p.Pro371Ala",0.622
"p.Pro371Arg",0.861
"p.Pro371Thr",0.723
"p.Pro371Leu",0.822
"p.Pro371Gln",0.838
"p.Lys372Arg",0.302
"p.Lys372Thr",0.764
"p.Lys372Asn",0.805
"p.Lys372Glu",0.74
"p.Lys372Met",0.68
"p.Lys372Gln",0.724
"p.Ser373Arg",0.959
"p.Ser373Thr",0.834
"p.Ser373Ile",0.936
"p.Ser373Gly",0.77
"p.Ser373Asn",0.859
"p.Ser373Cys",0.79
"p.Tyr374Ser",0.962
"p.Tyr374Asp",0.962
"p.Tyr374Phe",0.801
"p.Tyr374Asn",0.948
"p.Tyr374Cys",0.906
"p.Tyr374His",0.911
"p.Ile375Ser",0.879
"p.Ile375Val",0.243
"p.Ile375Phe",0.788
"p.Ile375Thr",0.775
"p.Ile375Leu",0.564
"p.Ile375Asn",0.935
"p.Ile375Met",0.64
"p.Tyr376Ser",0.6
"p.Tyr376Asp",0.536
"p.Tyr376Phe",0.453
"p.Tyr376Asn",0.458
"p.Tyr376Cys",0.517
"p.Tyr376His",0.207
"p.Arg377Ser",0.974
"p.Arg377Leu",0.93
"p.Arg377Gly",0.959
"p.Arg377Cys",0.929
"p.Arg377Pro",0.971
"p.Arg377His",0.891
"p.Thr378Ser",0.864
"p.Thr378Ala",0.884
"p.Thr378Ile",0.897
"p.Thr378Asn",0.919
"p.Thr378Pro",0.953
"p.Gln379Arg",0.467
"p.Gln379Leu",0.578
"p.Gln379Lys",0.596
"p.Gln379Pro",0.753
"p.Gln379Glu",0.426
"p.Gln379His",0.485
"p.Glu380Ala",0.118
"p.Glu380Val",0.253
"p.Glu380Asp",0.082
"p.Glu380Lys",0.324
"p.Glu380Gly",0.149
"p.Glu380Gln",0.273
"p.Trp381Ser",0.968
"p.Trp381Arg",0.966
"p.Trp381Leu",0.957
"p.Trp381Gly",0.965
"p.Trp381Cys",0.939
"p.Asp382Ala",0.864
"p.Asp382Val",0.874
"p.Asp382Gly",0.811
"p.Asp382Tyr",0.869
"p.Asp382Asn",0.613
"p.Asp382Glu",0.53
"p.Asp382His",0.824
"p.Glu383Ala",0.67
"p.Glu383Val",0.786
"p.Glu383Asp",0.211
"p.Glu383Lys",0.609
"p.Glu383Gly",0.791
"p.Glu383Gln",0.393
"p.Phe384Ser",0.953
"p.Phe384Val",0.901
"p.Phe384Ile",0.859
"p.Phe384Leu",0.82
"p.Phe384Tyr",0.529
"p.Phe384Cys",0.909
"p.Pro385Ser",0.913
"p.Pro385Ala",0.911
"p.Pro385Arg",0.906
"p.Pro385Thr",0.907
"p.Pro385Leu",0.915
"p.Pro385His",0.912
"p.Asn386Ser",0.625
"p.Asn386Asp",0.842
"p.Asn386Thr",0.754
"p.Asn386Ile",0.927
"p.Asn386Lys",0.883
"p.Asn386Tyr",0.882
"p.Asn386His",0.657
"p.Gly387Ser",0.94
"p.Gly387Ala",0.955
"p.Gly387Val",0.95
"p.Gly387Arg",0.94
"p.Gly387Asp",0.954
"p.Gly387Cys",0.947
"p.Arg388Ser",0.979
"p.Arg388Leu",0.924
"p.Arg388Gly",0.952
"p.Arg388Cys",0.874
"p.Arg388Pro",0.975
"p.Arg388His",0.876
"p.Trp389Ser",0.965
"p.Trp389Arg",0.958
"p.Trp389Leu",0.904
"p.Trp389Gly",0.959
"p.Trp389Cys",0.924
"p.Gly390Ser",0.707
"p.Gly390Ala",0.784
"p.Gly390Val",0.919
"p.Gly390Arg",0.846
"p.Gly390Asp",0.902
"p.Gly390Cys",0.9
"p.Asn391Ser",0.368
"p.Asn391Asp",0.499
"p.Asn391Thr",0.679
"p.Asn391Ile",0.861
"p.Asn391Lys",0.705
"p.Asn391Tyr",0.793
"p.Asn391His",0.688
"p.Ser392Ala",0.341
"p.Ser392Phe",0.731
"p.Ser392Thr",0.407
"p.Ser392Tyr",0.63
"p.Ser392Cys",0.601
"p.Ser392Pro",0.847
"p.Ser393Ala",0.237
"p.Ser393Phe",0.417
"p.Ser393Thr",0.318
"p.Ser393Tyr",0.447
"p.Ser393Cys",0.379
"p.Ser393Pro",0.735
"p.Ser394Ala",0.371
"p.Ser394Phe",0.881
"p.Ser394Thr",0.664
"p.Ser394Tyr",0.864
"p.Ser394Cys",0.655
"p.Ser394Pro",0.893
"p.Pro395Ser",0.72
"p.Pro395Ala",0.62
"p.Pro395Arg",0.842
"p.Pro395Thr",0.818
"p.Pro395Leu",0.715
"p.Pro395His",0.89
"p.Ala396Ser",0.34
"p.Ala396Val",0.68
"p.Ala396Asp",0.881
"p.Ala396Thr",0.625
"p.Ala396Gly",0.644
"p.Ala396Pro",0.886
"p.Phe397Ser",0.908
"p.Phe397Val",0.849
"p.Phe397Ile",0.833
"p.Phe397Leu",0.828
"p.Phe397Tyr",0.467
"p.Phe397Cys",0.887
"p.Gly398Ala",0.8
"p.Gly398Val",0.926
"p.Gly398Arg",0.739
"p.Gly398Glu",0.893
"p.Gly398Trp",0.857
"p.Glu399Ala",0.604
"p.Glu399Val",0.674
"p.Glu399Asp",0.264
"p.Glu399Lys",0.624
"p.Glu399Gly",0.6
"p.Glu399Gln",0.443
"p.Leu400Val",0.53
"p.Leu400Arg",0.947
"p.Leu400Pro",0.946
"p.Leu400Met",0.652
"p.Leu400Gln",0.918
"p.Lys401Arg",0.11
"p.Lys401Thr",0.144
"p.Lys401Asn",0.111
"p.Lys401Glu",0.292
"p.Lys401Met",0.25
"p.Lys401Gln",0.236
"p.Asp402Ala",0.539
"p.Asp402Val",0.774
"p.Asp402Gly",0.617
"p.Asp402Tyr",0.785
"p.Asp402Asn",0.372
"p.Asp402Glu",0.433
"p.Asp402His",0.628
"p.Tyr403Ser",0.802
"p.Tyr403Asp",0.839
"p.Tyr403Phe",0.65
"p.Tyr403Asn",0.807
"p.Tyr403Cys",0.748
"p.Tyr403His",0.48
"p.Tyr404Ser",0.76
"p.Tyr404Asp",0.664
"p.Tyr404Phe",0.607
"p.Tyr404Asn",0.65
"p.Tyr404Cys",0.647
"p.Tyr404His",0.383
"p.Leu405Val",0.459
"p.Leu405Arg",0.728
"p.Leu405Phe",0.387
"p.Leu405Ile",0.395
"p.Leu405Pro",0.904
"p.Leu405His",0.673
"p.Phe406Ser",0.584
"p.Phe406Val",0.455
"p.Phe406Ile",0.364
"p.Phe406Leu",0.409
"p.Phe406Tyr",0.431
"p.Phe406Cys",0.52
"p.Tyr407Ser",0.425
"p.Tyr407Asp",0.561
"p.Tyr407Phe",0.155
"p.Tyr407Asn",0.426
"p.Tyr407Cys",0.334
"p.Tyr407His",0.256
"p.Leu408Val",0.385
"p.Leu408Arg",0.753
"p.Leu408Pro",0.865
"p.Leu408Met",0.413
"p.Leu408Gln",0.755
"p.Lys409Arg",0.093
"p.Lys409Thr",0.202
"p.Lys409Asn",0.408
"p.Lys409Glu",0.568
"p.Lys409Met",0.399
"p.Lys409Gln",0.411
"p.Ser410Arg",0.637
"p.Ser410Thr",0.389
"p.Ser410Ile",0.524
"p.Ser410Gly",0.387
"p.Ser410Asn",0.452
"p.Ser410Cys",0.434
"p.Lys411Arg",0.148
"p.Lys411Thr",0.292
"p.Lys411Asn",0.363
"p.Lys411Glu",0.475
"p.Lys411Met",0.399
"p.Lys411Gln",0.404
"p.Ser412Ala",0.138
"p.Ser412Phe",0.249
"p.Ser412Thr",0.126
"p.Ser412Tyr",0.234
"p.Ser412Cys",0.294
"p.Ser412Pro",0.585
"p.Pro413Ser",0.184
"p.Pro413Ala",0.173
"p.Pro413Arg",0.163
"p.Pro413Thr",0.244
"p.Pro413Leu",0.167
"p.Pro413His",0.195
"p.Lys414Arg",0.039
"p.Lys414Thr",0.101
"p.Lys414Asn",0.214
"p.Lys414Glu",0.147
"p.Lys414Met",0.182
"p.Lys414Gln",0.116
"p.Glu415Ala",0.214
"p.Glu415Val",0.34
"p.Glu415Asp",0.111
"p.Glu415Lys",0.161
"p.Glu415Gly",0.246
"p.Glu415Gln",0.228
"p.Glu416Ala",0.212
"p.Glu416Val",0.298
"p.Glu416Asp",0.144
"p.Glu416Lys",0.13
"p.Glu416Gly",0.253
"p.Glu416Gln",0.125
"p.Leu417Val",0.246
"p.Leu417Arg",0.648
"p.Leu417Pro",0.929
"p.Leu417Met",0.208
"p.Leu417Gln",0.593
"p.Leu418Val",0.36
"p.Leu418Arg",0.567
"p.Leu418Pro",0.9
"p.Leu418Met",0.343
"p.Leu418Gln",0.529
"p.Lys419Arg",0.123
"p.Lys419Thr",0.229
"p.Lys419Asn",0.515
"p.Lys419Glu",0.525
"p.Lys419Met",0.37
"p.Lys419Gln",0.432
"p.Met420Val",0.477
"p.Met420Arg",0.836
"p.Met420Thr",0.627
"p.Met420Ile",0.578
"p.Met420Leu",0.477
"p.Met420Lys",0.813
"p.Trp421Ser",0.978
"p.Trp421Arg",0.962
"p.Trp421Leu",0.938
"p.Trp421Gly",0.952
"p.Trp421Cys",0.959
"p.Gly422Ala",0.714
"p.Gly422Val",0.849
"p.Gly422Arg",0.771
"p.Gly422Glu",0.871
"p.Gly422Trp",0.706
"p.Glu423Ala",0.132
"p.Glu423Val",0.179
"p.Glu423Asp",0.132
"p.Glu423Lys",0.143
"p.Glu423Gly",0.197
"p.Glu423Gln",0.125
"p.Glu424Ala",0.304
"p.Glu424Val",0.43
"p.Glu424Asp",0.263
"p.Glu424Lys",0.297
"p.Glu424Gly",0.296
"p.Glu424Gln",0.256
"p.Leu425Val",0.483
"p.Leu425Arg",0.801
"p.Leu425Pro",0.824
"p.Leu425Met",0.584
"p.Leu425Gln",0.776
"p.Thr426Ser",0.058
"p.Thr426Ala",0.061
"p.Thr426Ile",0.136
"p.Thr426Asn",0.062
"p.Thr426Pro",0.384
"p.Ser427Arg",0.49
"p.Ser427Thr",0.227
"p.Ser427Ile",0.448
"p.Ser427Gly",0.263
"p.Ser427Asn",0.253
"p.Ser427Cys",0.159
"p.Glu428Ala",0.207
"p.Glu428Val",0.289
"p.Glu428Asp",0.159
"p.Glu428Lys",0.354
"p.Glu428Gly",0.243
"p.Glu428Gln",0.232
"p.Glu429Ala",0.206
"p.Glu429Val",0.399
"p.Glu429Asp",0.082
"p.Glu429Lys",0.195
"p.Glu429Gly",0.28
"p.Glu429Gln",0.096
"p.Ser430Arg",0.602
"p.Ser430Thr",0.398
"p.Ser430Ile",0.693
"p.Ser430Gly",0.273
"p.Ser430Asn",0.324
"p.Ser430Cys",0.471
"p.Val431Ala",0.698
"p.Val431Asp",0.952
"p.Val431Phe",0.889
"p.Val431Ile",0.132
"p.Val431Leu",0.681
"p.Val431Gly",0.929
"p.Phe432Ser",0.325
"p.Phe432Val",0.241
"p.Phe432Ile",0.199
"p.Phe432Leu",0.178
"p.Phe432Tyr",0.198
"p.Phe432Cys",0.206
"p.Glu433Ala",0.358
"p.Glu433Val",0.525
"p.Glu433Asp",0.24
"p.Glu433Lys",0.265
"p.Glu433Gly",0.335
"p.Glu433Gln",0.221
"p.Val434Ala",0.382
"p.Val434Asp",0.912
"p.Val434Phe",0.753
"p.Val434Ile",0.13
"p.Val434Leu",0.425
"p.Val434Gly",0.826
"p.Phe435Ser",0.943
"p.Phe435Val",0.915
"p.Phe435Ile",0.883
"p.Phe435Leu",0.909
"p.Phe435Tyr",0.748
"p.Phe435Cys",0.925
"p.Val436Ala",0.036
"p.Val436Asp",0.293
"p.Val436Phe",0.296
"p.Val436Ile",0.065
"p.Val436Leu",0.157
"p.Val436Gly",0.181
"p.Leu437Val",0.051
"p.Leu437Arg",0.094
"p.Leu437Phe",0.047
"p.Leu437Ile",0.068
"p.Leu437Pro",0.186
"p.Leu437His",0.076
"p.Tyr438Ser",0.914
"p.Tyr438Asp",0.893
"p.Tyr438Phe",0.347
"p.Tyr438Asn",0.892
"p.Tyr438Cys",0.836
"p.Tyr438His",0.669
"p.Leu439Val",0.208
"p.Leu439Arg",0.781
"p.Leu439Phe",0.348
"p.Leu439Ile",0.253
"p.Leu439Pro",0.903
"p.Leu439His",0.735
"p.Ser440Ala",0.124
"p.Ser440Thr",0.13
"p.Ser440Leu",0.292
"p.Ser440Pro",0.581
"p.Ser440Trp",0.376
"p.Gly441Ala",0.561
"p.Gly441Val",0.767
"p.Gly441Arg",0.68
"p.Gly441Glu",0.783
"p.Glu442Ala",0.321
"p.Glu442Val",0.455
"p.Glu442Asp",0.253
"p.Glu442Lys",0.417
"p.Glu442Gly",0.389
"p.Glu442Gln",0.315
"p.Pro443Ser",0.106
"p.Pro443Ala",0.09
"p.Pro443Arg",0.142
"p.Pro443Thr",0.163
"p.Pro443Leu",0.174
"p.Pro443Gln",0.136
"p.Asn444Ser",0.3
"p.Asn444Asp",0.695
"p.Asn444Thr",0.575
"p.Asn444Ile",0.819
"p.Asn444Lys",0.537
"p.Asn444Tyr",0.68
"p.Asn444His",0.628
"p.Arg445Leu",0.149
"p.Arg445Gly",0.19
"p.Arg445Pro",0.38
"p.Arg445Trp",0.117
"p.Arg445Gln",0.036
"p.Asn446Ser",0.099
"p.Asn446Asp",0.215
"p.Asn446Thr",0.157
"p.Asn446Ile",0.384
"p.Asn446Lys",0.191
"p.Asn446Tyr",0.098
"p.Asn446His",0.09
"p.Gly447Ser",0.522
"p.Gly447Ala",0.544
"p.Gly447Val",0.693
"p.Gly447Arg",0.543
"p.Gly447Asp",0.518
"p.Gly447Cys",0.746
"p.His448Arg",0.046
"p.His448Asp",0.093
"p.His448Leu",0.057
"p.His448Tyr",0.032
"p.His448Asn",0.076
"p.His448Pro",0.156
"p.His448Gln",0.08
"p.Lys449Arg",0.066
"p.Lys449Thr",0.217
"p.Lys449Ile",0.631
"p.Lys449Asn",0.29
"p.Lys449Glu",0.386
"p.Lys449Gln",0.399
"p.Val450Ala",0.563
"p.Val450Leu",0.438
"p.Val450Gly",0.881
"p.Val450Glu",0.909
"p.Val450Met",0.535
"p.Thr451Ser",0.121
"p.Thr451Ala",0.12
"p.Thr451Ile",0.237
"p.Thr451Asn",0.226
"p.Thr451Pro",0.432
"p.Cys452Ser",0.455
"p.Cys452Arg",0.716
"p.Cys452Phe",0.587
"p.Cys452Gly",0.408
"p.Cys452Tyr",0.441
"p.Cys452Trp",0.347
"p.Leu453Val",0.252
"p.Leu453Arg",0.784
"p.Leu453Pro",0.888
"p.Leu453Met",0.2
"p.Leu453Gln",0.75
"p.Pro454Ser",0.848
"p.Pro454Ala",0.78
"p.Pro454Arg",0.893
"p.Pro454Thr",0.908
"p.Pro454Leu",0.879
"p.Pro454His",0.912
"p.Trp455Ser",0.975
"p.Trp455Arg",0.945
"p.Trp455Leu",0.902
"p.Trp455Gly",0.934
"p.Trp455Cys",0.952
"p.Asn456Ser",0.179
"p.Asn456Asp",0.716
"p.Asn456Thr",0.409
"p.Asn456Ile",0.791
"p.Asn456Lys",0.711
"p.Asn456Tyr",0.743
"p.Asn456His",0.659
"p.Asp457Ala",0.49
"p.Asp457Val",0.647
"p.Asp457Gly",0.58
"p.Asp457Tyr",0.778
"p.Asp457Asn",0.336
"p.Asp457Glu",0.097
"p.Asp457His",0.647
"p.Glu458Ala",0.256
"p.Glu458Val",0.347
"p.Glu458Asp",0.078
"p.Glu458Lys",0.235
"p.Glu458Gly",0.22
"p.Glu458Gln",0.252
"p.Pro459Ser",0.158
"p.Pro459Ala",0.124
"p.Pro459Arg",0.273
"p.Pro459Thr",0.269
"p.Pro459Leu",0.262
"p.Pro459His",0.235
"p.Leu460Val",0.19
"p.Leu460Arg",0.78
"p.Leu460Pro",0.856
"p.Leu460Met",0.348
"p.Leu460Gln",0.754
"p.Ala461Ser",0.21
"p.Ala461Val",0.293
"p.Ala461Thr",0.22
"p.Ala461Gly",0.267
"p.Ala461Pro",0.693
"p.Ala461Glu",0.322
"p.Ala462Ser",0.093
"p.Ala462Val",0.136
"p.Ala462Asp",0.37
"p.Ala462Thr",0.08
"p.Ala462Gly",0.204
"p.Ala462Pro",0.227
"p.Glu463Ala",0.819
"p.Glu463Val",0.804
"p.Glu463Asp",0.778
"p.Glu463Lys",0.912
"p.Glu463Gly",0.809
"p.Glu463Gln",0.832
"p.Thr464Ser",0.519
"p.Thr464Ala",0.478
"p.Thr464Ile",0.838
"p.Thr464Asn",0.851
"p.Thr464Pro",0.921
"p.Ser465Arg",0.369
"p.Ser465Thr",0.288
"p.Ser465Ile",0.422
"p.Ser465Gly",0.409
"p.Ser465Asn",0.204
"p.Ser465Cys",0.465
"p.Leu466Val",0.24
"p.Leu466Arg",0.599
"p.Leu466Pro",0.822
"p.Leu466Met",0.357
"p.Leu466Gln",0.499
"p.Leu467Val",0.086
"p.Leu467Arg",0.879
"p.Leu467Pro",0.932
"p.Leu467Met",0.138
"p.Leu467Gln",0.872
"p.Lys468Arg",0.116
"p.Lys468Thr",0.252
"p.Lys468Asn",0.281
"p.Lys468Glu",0.472
"p.Lys468Met",0.376
"p.Lys468Gln",0.342
"p.Glu469Ala",0.261
"p.Glu469Val",0.364
"p.Glu469Asp",0.079
"p.Glu469Lys",0.14
"p.Glu469Gly",0.223
"p.Glu469Gln",0.175
"p.Glu470Ala",0.204
"p.Glu470Val",0.349
"p.Glu470Asp",0.242
"p.Glu470Lys",0.219
"p.Glu470Gly",0.272
"p.Glu470Gln",0.173
"p.Leu471Val",0.861
"p.Leu471Arg",0.962
"p.Leu471Pro",0.966
"p.Leu471Met",0.765
"p.Leu471Gln",0.946
"p.Leu472Val",0.146
"p.Leu472Arg",0.357
"p.Leu472Pro",0.704
"p.Leu472Met",0.211
"p.Leu472Gln",0.312
"p.Arg473Leu",0.632
"p.Arg473Gly",0.553
"p.Arg473Pro",0.947
"p.Arg473Trp",0.337
"p.Arg473Gln",0.347
"p.Val474Ala",0.282
"p.Val474Leu",0.33
"p.Val474Gly",0.741
"p.Val474Glu",0.853
"p.Val474Met",0.266
"p.Asn475Ser",0.877
"p.Asn475Asp",0.952
"p.Asn475Thr",0.929
"p.Asn475Ile",0.948
"p.Asn475Lys",0.945
"p.Asn475Tyr",0.941
"p.Asn475His",0.913
"p.Arg476Ser",0.318
"p.Arg476Leu",0.223
"p.Arg476Gly",0.342
"p.Arg476Cys",0.398
"p.Arg476Pro",0.786
"p.Arg476His",0.12
"p.Gln477Arg",0.265
"p.Gln477Leu",0.36
"p.Gln477Lys",0.441
"p.Gln477Pro",0.72
"p.Gln477Glu",0.365
"p.Gln477His",0.338
"p.Gly478Ser",0.93
"p.Gly478Ala",0.937
"p.Gly478Val",0.921
"p.Gly478Arg",0.894
"p.Gly478Asp",0.937
"p.Gly478Cys",0.916
"p.Ile479Ser",0.675
"p.Ile479Val",0.034
"p.Ile479Phe",0.108
"p.Ile479Thr",0.44
"p.Ile479Leu",0.188
"p.Ile479Asn",0.86
"p.Ile479Met",0.234
"p.Leu480Val",0.815
"p.Leu480Arg",0.959
"p.Leu480Phe",0.801
"p.Leu480Ile",0.656
"p.Leu480Pro",0.967
"p.Leu480His",0.894
"p.Thr481Ser",0.72
"p.Thr481Ala",0.759
"p.Thr481Ile",0.885
"p.Thr481Asn",0.916
"p.Thr481Pro",0.961
"p.Ile482Ser",0.886
"p.Ile482Val",0.19
"p.Ile482Phe",0.779
"p.Ile482Thr",0.64
"p.Ile482Leu",0.583
"p.Ile482Asn",0.926
"p.Ile482Met",0.82
"p.Asn483Ser",0.791
"p.Asn483Asp",0.922
"p.Asn483Thr",0.888
"p.Asn483Ile",0.903
"p.Asn483Lys",0.924
"p.Asn483Tyr",0.89
"p.Asn483His",0.843
"p.Ser484Ala",0.797
"p.Ser484Thr",0.847
"p.Ser484Leu",0.933
"p.Ser484Pro",0.944
"p.Gln485Arg",0.929
"p.Gln485Leu",0.861
"p.Gln485Lys",0.952
"p.Gln485Pro",0.946
"p.Gln485Glu",0.909
"p.Gln485His",0.904
"p.Pro486Ser",0.904
"p.Pro486Ala",0.879
"p.Pro486Arg",0.888
"p.Pro486Thr",0.914
"p.Pro486Leu",0.92
"p.Pro486His",0.901
"p.Asn487Ser",0.143
"p.Asn487Asp",0.409
"p.Asn487Thr",0.231
"p.Asn487Ile",0.541
"p.Asn487Lys",0.159
"p.Asn487Tyr",0.404
"p.Asn487His",0.282
"p.Ile488Ser",0.824
"p.Ile488Val",0.029
"p.Ile488Phe",0.733
"p.Ile488Thr",0.512
"p.Ile488Leu",0.309
"p.Ile488Asn",0.896
"p.Ile488Met",0.632
"p.Asn489Ser",0.431
"p.Asn489Asp",0.635
"p.Asn489Thr",0.766
"p.Asn489Ile",0.901
"p.Asn489Lys",0.853
"p.Asn489Tyr",0.817
"p.Asn489His",0.68
"p.Gly490Ala",0.355
"p.Gly490Val",0.74
"p.Gly490Arg",0.705
"p.Gly490Glu",0.805
"p.Gly490Trp",0.618
"p.Lys491Arg",0.071
"p.Lys491Thr",0.12
"p.Lys491Asn",0.211
"p.Lys491Glu",0.218
"p.Lys491Met",0.205
"p.Lys491Gln",0.168
"p.Pro492Ser",0.265
"p.Pro492Ala",0.213
"p.Pro492Arg",0.321
"p.Pro492Thr",0.454
"p.Pro492Leu",0.363
"p.Pro492Gln",0.359
"p.Ser493Ala",0.657
"p.Ser493Phe",0.861
"p.Ser493Thr",0.748
"p.Ser493Tyr",0.869
"p.Ser493Cys",0.85
"p.Ser493Pro",0.887
"p.Ser494Ala",0.067
"p.Ser494Phe",0.322
"p.Ser494Thr",0.062
"p.Ser494Tyr",0.319
"p.Ser494Cys",0.264
"p.Ser494Pro",0.312
"p.Asp495Ala",0.62
"p.Asp495Val",0.752
"p.Asp495Gly",0.614
"p.Asp495Tyr",0.765
"p.Asp495Asn",0.505
"p.Asp495Glu",0.523
"p.Asp495His",0.588
"p.Pro496Ser",0.386
"p.Pro496Ala",0.283
"p.Pro496Arg",0.467
"p.Pro496Thr",0.553
"p.Pro496Leu",0.382
"p.Pro496His",0.597
"p.Ile497Ser",0.199
"p.Ile497Val",0.018
"p.Ile497Phe",0.057
"p.Ile497Thr",0.116
"p.Ile497Leu",0.044
"p.Ile497Asn",0.291
"p.Ile497Met",0.061
"p.Val498Ala",0.272
"p.Val498Leu",0.313
"p.Val498Gly",0.712
"p.Val498Glu",0.703
"p.Val498Met",0.216
"p.Gly499Ser",0.918
"p.Gly499Ala",0.926
"p.Gly499Val",0.914
"p.Gly499Arg",0.887
"p.Gly499Asp",0.929
"p.Gly499Cys",0.917
"p.Trp500Ser",0.979
"p.Trp500Arg",0.959
"p.Trp500Leu",0.956
"p.Trp500Gly",0.952
"p.Trp500Cys",0.962
"p.Gly501Ser",0.929
"p.Gly501Ala",0.939
"p.Gly501Val",0.939
"p.Gly501Arg",0.879
"p.Gly501Asp",0.94
"p.Gly501Cys",0.921
"p.Pro502Ser",0.339
"p.Pro502Ala",0.335
"p.Pro502Arg",0.483
"p.Pro502Thr",0.47
"p.Pro502Leu",0.517
"p.Pro502His",0.604
"p.Ser503Arg",0.202
"p.Ser503Thr",0.258
"p.Ser503Ile",0.362
"p.Ser503Gly",0.197
"p.Ser503Asn",0.228
"p.Ser503Cys",0.287
"p.Gly504Ala",0.745
"p.Gly504Val",0.749
"p.Gly504Arg",0.603
"p.Gly504Glu",0.722
"p.Gly504Trp",0.772
"p.Gly505Ser",0.935
"p.Gly505Ala",0.936
"p.Gly505Val",0.924
"p.Gly505Arg",0.924
"p.Gly505Asp",0.931
"p.Gly505Cys",0.923
"p.Tyr506Ser",0.922
"p.Tyr506Asp",0.949
"p.Tyr506Phe",0.675
"p.Tyr506Asn",0.917
"p.Tyr506Cys",0.878
"p.Tyr506His",0.742
"p.Val507Ala",0.78
"p.Val507Asp",0.963
"p.Val507Phe",0.907
"p.Val507Ile",0.206
"p.Val507Leu",0.697
"p.Val507Gly",0.962
"p.Phe508Ser",0.888
"p.Phe508Val",0.864
"p.Phe508Ile",0.855
"p.Phe508Leu",0.852
"p.Phe508Tyr",0.495
"p.Phe508Cys",0.878
"p.Gln509Arg",0.883
"p.Gln509Leu",0.877
"p.Gln509Lys",0.902
"p.Gln509Pro",0.962
"p.Gln509Glu",0.881
"p.Gln509His",0.86
"p.Lys510Arg",0.799
"p.Lys510Thr",0.935
"p.Lys510Asn",0.957
"p.Lys510Glu",0.961
"p.Lys510Met",0.876
"p.Lys510Gln",0.942
"p.Ala511Ser",0.751
"p.Ala511Val",0.836
"p.Ala511Asp",0.949
"p.Ala511Thr",0.836
"p.Ala511Gly",0.797
"p.Ala511Pro",0.962
"p.Tyr512Ser",0.962
"p.Tyr512Asp",0.962
"p.Tyr512Phe",0.823
"p.Tyr512Asn",0.946
"p.Tyr512Cys",0.911
"p.Tyr512His",0.91
"p.Leu513Ser",0.885
"p.Leu513Val",0.455
"p.Leu513Phe",0.764
"p.Leu513Ile",0.352
"p.Glu514Ala",0.907
"p.Glu514Val",0.881
"p.Glu514Asp",0.844
"p.Glu514Lys",0.948
"p.Glu514Gly",0.902
"p.Glu514Gln",0.865
"p.Phe515Ser",0.94
"p.Phe515Val",0.865
"p.Phe515Ile",0.806
"p.Phe515Leu",0.83
"p.Phe515Tyr",0.731
"p.Phe515Cys",0.781
"p.Phe516Ser",0.967
"p.Phe516Val",0.94
"p.Phe516Ile",0.92
"p.Phe516Leu",0.942
"p.Phe516Tyr",0.819
"p.Phe516Cys",0.933
"p.Thr517Ser",0.448
"p.Thr517Ala",0.389
"p.Thr517Ile",0.516
"p.Thr517Asn",0.757
"p.Thr517Pro",0.882
"p.Ser518Ala",0.427
"p.Ser518Phe",0.781
"p.Ser518Thr",0.424
"p.Ser518Tyr",0.79
"p.Ser518Cys",0.582
"p.Ser518Pro",0.878
"p.Arg519Ser",0.416
"p.Arg519Leu",0.501
"p.Arg519Gly",0.302
"p.Arg519Cys",0.224
"p.Arg519Pro",0.604
"p.Arg519His",0.231
"p.Glu520Ala",0.487
"p.Glu520Val",0.722
"p.Glu520Asp",0.274
"p.Glu520Lys",0.538
"p.Glu520Gly",0.7
"p.Glu520Gln",0.384
"p.Thr521Ser",0.185
"p.Thr521Ala",0.223
"p.Thr521Arg",0.202
"p.Thr521Ile",0.175
"p.Thr521Lys",0.176
"p.Thr521Pro",0.771
"p.Ala522Ser",0.188
"p.Ala522Val",0.06
"p.Ala522Thr",0.137
"p.Ala522Gly",0.361
"p.Ala522Pro",0.797
"p.Ala522Glu",0.343
"p.Glu523Ala",0.138
"p.Glu523Val",0.22
"p.Glu523Asp",0.09
"p.Glu523Lys",0.153
"p.Glu523Gly",0.168
"p.Glu523Gln",0.203
"p.Ala524Ser",0.339
"p.Ala524Val",0.369
"p.Ala524Thr",0.32
"p.Ala524Gly",0.598
"p.Ala524Pro",0.918
"p.Ala524Glu",0.627
"p.Leu525Val",0.625
"p.Leu525Arg",0.942
"p.Leu525Phe",0.767
"p.Leu525Ile",0.536
"p.Leu525Pro",0.956
"p.Leu525His",0.871
"p.Leu526Val",0.167
"p.Leu526Arg",0.657
"p.Leu526Pro",0.877
"p.Leu526Met",0.193
"p.Leu526Gln",0.576
"p.Gln527Arg",0.243
"p.Gln527Leu",0.52
"p.Gln527Lys",0.321
"p.Gln527Pro",0.849
"p.Gln527Glu",0.251
"p.Gln527His",0.471
"p.Val528Ala",0.379
"p.Val528Leu",0.459
"p.Val528Gly",0.817
"p.Val528Glu",0.714
"p.Val528Met",0.321
"p.Leu529Val",0.357
"p.Leu529Arg",0.86
"p.Leu529Pro",0.941
"p.Leu529Met",0.413
"p.Leu529Gln",0.797
"p.Lys530Arg",0.267
"p.Lys530Thr",0.283
"p.Lys530Asn",0.479
"p.Lys530Glu",0.498
"p.Lys530Met",0.366
"p.Lys530Gln",0.408
"p.Lys531Arg",0.105
"p.Lys531Thr",0.137
"p.Lys531Asn",0.16
"p.Lys531Glu",0.274
"p.Lys531Met",0.209
"p.Lys531Gln",0.285
"p.Tyr532Ser",0.644
"p.Tyr532Asp",0.638
"p.Tyr532Phe",0.377
"p.Tyr532Asn",0.601
"p.Tyr532Cys",0.471
"p.Tyr532His",0.421
"p.Glu533Ala",0.252
"p.Glu533Val",0.341
"p.Glu533Asp",0.229
"p.Glu533Lys",0.419
"p.Glu533Gly",0.284
"p.Glu533Gln",0.27
"p.Leu534Val",0.361
"p.Leu534Arg",0.494
"p.Leu534Phe",0.302
"p.Leu534Ile",0.346
"p.Leu534Pro",0.522
"p.Leu534His",0.402
"p.Arg535Leu",0.603
"p.Arg535Gly",0.472
"p.Arg535Pro",0.878
"p.Arg535Trp",0.437
"p.Arg535Gln",0.308
"p.Val536Ala",0.741
"p.Val536Asp",0.953
"p.Val536Phe",0.854
"p.Val536Ile",0.179
"p.Val536Leu",0.503
"p.Val536Gly",0.933
"p.Asn537Ser",0.49
"p.Asn537Asp",0.802
"p.Asn537Thr",0.575
"p.Asn537Ile",0.879
"p.Asn537Lys",0.876
"p.Asn537Tyr",0.74
"p.Asn537His",0.738
"p.Tyr538Ser",0.934
"p.Tyr538Asp",0.949
"p.Tyr538Phe",0.622
"p.Tyr538Asn",0.941
"p.Tyr538Cys",0.772
"p.Tyr538His",0.857
"p.His539Arg",0.843
"p.His539Asp",0.916
"p.His539Leu",0.901
"p.His539Tyr",0.708
"p.His539Asn",0.862
"p.His539Pro",0.969
"p.His539Gln",0.733
"p.Leu540Val",0.212
"p.Leu540Arg",0.739
"p.Leu540Phe",0.289
"p.Leu540Ile",0.23
"p.Leu540Pro",0.861
"p.Leu540His",0.684
"p.Val541Ala",0.66
"p.Val541Asp",0.958
"p.Val541Phe",0.906
"p.Val541Ile",0.2
"p.Val541Leu",0.596
"p.Val541Gly",0.95
"p.Asn542Ser",0.543
"p.Asn542Asp",0.657
"p.Asn542Thr",0.661
"p.Asn542Ile",0.908
"p.Asn542Lys",0.832
"p.Asn542Tyr",0.785
"p.Asn542His",0.69
"p.Val543Ala",0.267
"p.Val543Leu",0.309
"p.Val543Gly",0.492
"p.Val543Glu",0.626
"p.Val543Met",0.239
"p.Lys544Arg",0.261
"p.Lys544Thr",0.269
"p.Lys544Asn",0.337
"p.Lys544Glu",0.351
"p.Lys544Met",0.225
"p.Lys544Gln",0.327
"p.Gly545Ser",0.542
"p.Gly545Ala",0.539
"p.Gly545Val",0.836
"p.Gly545Arg",0.79
"p.Gly545Asp",0.675
"p.Gly545Cys",0.843
"p.Glu546Ala",0.275
"p.Glu546Val",0.355
"p.Glu546Asp",0.131
"p.Glu546Lys",0.301
"p.Glu546Gly",0.349
"p.Glu546Gln",0.316
"p.Asn547Ser",0.227
"p.Asn547Asp",0.39
"p.Asn547Thr",0.319
"p.Asn547Ile",0.536
"p.Asn547Lys",0.338
"p.Asn547Tyr",0.369
"p.Asn547His",0.37
"p.Ile548Ser",0.409
"p.Ile548Val",0.086
"p.Ile548Phe",0.205
"p.Ile548Thr",0.27
"p.Ile548Leu",0.21
"p.Ile548Asn",0.551
"p.Ile548Met",0.296
"p.Thr549Ser",0.442
"p.Thr549Ala",0.542
"p.Thr549Ile",0.746
"p.Thr549Asn",0.772
"p.Thr549Pro",0.909
"p.Asn550Ser",0.579
"p.Asn550Asp",0.769
"p.Asn550Thr",0.846
"p.Asn550Ile",0.936
"p.Asn550Lys",0.9
"p.Asn550Tyr",0.864
"p.Asn550His",0.795
"p.Ala551Ser",0.333
"p.Ala551Val",0.321
"p.Ala551Asp",0.691
"p.Ala551Thr",0.322
"p.Ala551Gly",0.542
"p.Ala551Pro",0.808
"p.Pro552Ser",0.307
"p.Pro552Ala",0.344
"p.Pro552Arg",0.332
"p.Pro552Thr",0.403
"p.Pro552Leu",0.371
"p.Pro552His",0.352
"p.Glu553Ala",0.371
"p.Glu553Val",0.378
"p.Glu553Asp",0.302
"p.Glu553Lys",0.634
"p.Glu553Gly",0.386
"p.Glu553Gln",0.631
"p.Leu554Val",0.179
"p.Leu554Arg",0.468
"p.Leu554Pro",0.487
"p.Leu554Met",0.209
"p.Leu554Gln",0.396
"p.Gln555Arg",0.353
"p.Gln555Leu",0.415
"p.Gln555Lys",0.543
"p.Gln555Pro",0.8
"p.Gln555Glu",0.475
"p.Gln555His",0.279
"p.Pro556Ser",0.623
"p.Pro556Ala",0.629
"p.Pro556Arg",0.764
"p.Pro556Thr",0.712
"p.Pro556Leu",0.624
"p.Pro556Gln",0.671
"p.Asn557Ser",0.387
"p.Asn557Asp",0.692
"p.Asn557Thr",0.492
"p.Asn557Ile",0.676
"p.Asn557Lys",0.642
"p.Asn557Tyr",0.524
"p.Asn557His",0.602
"p.Ala558Ser",0.854
"p.Ala558Val",0.875
"p.Ala558Asp",0.933
"p.Ala558Thr",0.855
"p.Ala558Gly",0.896
"p.Ala558Pro",0.963
"p.Val559Ala",0.818
"p.Val559Asp",0.966
"p.Val559Phe",0.933
"p.Val559Ile",0.363
"p.Val559Leu",0.763
"p.Val559Gly",0.95
"p.Thr560Ser",0.693
"p.Thr560Ala",0.825
"p.Thr560Ile",0.825
"p.Thr560Asn",0.88
"p.Thr560Pro",0.955
"p.Trp561Ser",0.975
"p.Trp561Arg",0.962
"p.Trp561Leu",0.96
"p.Trp561Gly",0.965
"p.Trp561Cys",0.943
"p.Gly562Ser",0.936
"p.Gly562Ala",0.942
"p.Gly562Val",0.945
"p.Gly562Arg",0.964
"p.Gly562Asp",0.956
"p.Gly562Cys",0.931
"p.Ile563Ser",0.904
"p.Ile563Val",0.283
"p.Ile563Phe",0.86
"p.Ile563Thr",0.812
"p.Ile563Leu",0.81
"p.Ile563Asn",0.952
"p.Ile563Met",0.769
"p.Phe564Ser",0.972
"p.Phe564Val",0.96
"p.Phe564Ile",0.951
"p.Phe564Leu",0.964
"p.Phe564Tyr",0.903
"p.Phe564Cys",0.958
"p.Pro565Ser",0.844
"p.Pro565Ala",0.768
"p.Pro565Arg",0.746
"p.Pro565Thr",0.895
"p.Pro565Leu",0.88
"p.Pro565His",0.908
"p.Gly566Ala",0.673
"p.Gly566Val",0.933
"p.Gly566Arg",0.875
"p.Gly566Glu",0.851
"p.Gly566Trp",0.89
"p.Arg567Leu",0.808
"p.Arg567Gly",0.693
"p.Arg567Pro",0.947
"p.Arg567Gln",0.71
"p.Glu568Ala",0.934
"p.Glu568Val",0.949
"p.Glu568Asp",0.932
"p.Glu568Lys",0.958
"p.Glu568Gly",0.938
"p.Glu568Gln",0.876
"p.Ile569Ser",0.955
"p.Ile569Val",0.381
"p.Ile569Phe",0.917
"p.Ile569Thr",0.916
"p.Ile569Leu",0.898
"p.Ile569Asn",0.968
"p.Ile569Met",0.921
"p.Ile570Ser",0.875
"p.Ile570Val",0.108
"p.Ile570Phe",0.711
"p.Ile570Thr",0.654
"p.Ile570Leu",0.373
"p.Ile570Asn",0.937
"p.Ile570Met",0.71
"p.Gln571Arg",0.94
"p.Gln571Leu",0.925
"p.Gln571Lys",0.966
"p.Gln571Pro",0.976
"p.Gln571Glu",0.939
"p.Gln571His",0.922
"p.Pro572Ser",0.92
"p.Pro572Ala",0.915
"p.Pro572Arg",0.937
"p.Pro572Thr",0.928
"p.Pro572Leu",0.908
"p.Pro572His",0.902
"p.Thr573Ser",0.812
"p.Thr573Ala",0.839
"p.Thr573Ile",0.846
"p.Thr573Asn",0.894
"p.Thr573Pro",0.951
"p.Val574Ala",0.873
"p.Val574Ile",0.283
"p.Val574Leu",0.819
"p.Val574Gly",0.965
"p.Val574Glu",0.929
"p.Val575Ala",0.744
"p.Val575Leu",0.603
"p.Val575Gly",0.928
"p.Val575Glu",0.907
"p.Val575Met",0.467
"p.Asp576Ala",0.843
"p.Asp576Val",0.911
"p.Asp576Gly",0.861
"p.Asp576Tyr",0.947
"p.Asp576Asn",0.734
"p.Asp576Glu",0.566
"p.Asp576His",0.901
"p.Pro577Ser",0.627
"p.Pro577Ala",0.603
"p.Pro577Arg",0.764
"p.Pro577Thr",0.812
"p.Pro577Leu",0.738
"p.Pro577His",0.756
"p.Val578Ala",0.197
"p.Val578Asp",0.687
"p.Val578Phe",0.317
"p.Val578Ile",0.043
"p.Val578Leu",0.121
"p.Val578Gly",0.686
"p.Ser579Arg",0.91
"p.Ser579Thr",0.801
"p.Ser579Ile",0.91
"p.Ser579Gly",0.68
"p.Ser579Asn",0.817
"p.Ser579Cys",0.613
"p.Phe580Ser",0.962
"p.Phe580Val",0.936
"p.Phe580Ile",0.913
"p.Phe580Leu",0.942
"p.Phe580Tyr",0.833
"p.Phe580Cys",0.934
"p.Met581Val",0.364
"p.Met581Arg",0.787
"p.Met581Thr",0.523
"p.Met581Ile",0.401
"p.Met581Leu",0.374
"p.Met581Lys",0.752
"p.Phe582Ser",0.221
"p.Phe582Val",0.257
"p.Phe582Ile",0.234
"p.Phe582Leu",0.213
"p.Phe582Tyr",0.129
"p.Phe582Cys",0.206
"p.Trp583Ser",0.973
"p.Trp583Arg",0.963
"p.Trp583Leu",0.954
"p.Trp583Gly",0.959
"p.Trp583Cys",0.942
"p.Lys584Arg",0.669
"p.Lys584Thr",0.906
"p.Lys584Asn",0.935
"p.Lys584Glu",0.909
"p.Lys584Met",0.832
"p.Lys584Gln",0.874
"p.Asp585Ala",0.89
"p.Asp585Val",0.882
"p.Asp585Gly",0.901
"p.Asp585Tyr",0.921
"p.Asp585Asn",0.819
"p.Asp585Glu",0.831
"p.Asp585His",0.844
"p.Glu586Ala",0.899
"p.Glu586Val",0.873
"p.Glu586Asp",0.834
"p.Glu586Lys",0.92
"p.Glu586Gly",0.89
"p.Glu586Gln",0.828
"p.Ala587Ser",0.753
"p.Ala587Val",0.867
"p.Ala587Asp",0.954
"p.Ala587Thr",0.857
"p.Ala587Gly",0.88
"p.Ala587Pro",0.977
"p.Phe588Ser",0.952
"p.Phe588Val",0.92
"p.Phe588Ile",0.9
"p.Phe588Leu",0.91
"p.Phe588Tyr",0.451
"p.Phe588Cys",0.909
"p.Ala589Ser",0.292
"p.Ala589Val",0.483
"p.Ala589Asp",0.606
"p.Ala589Thr",0.313
"p.Ala589Gly",0.406
"p.Ala589Pro",0.813
"p.Leu590Val",0.611
"p.Leu590Arg",0.932
"p.Leu590Pro",0.966
"p.Leu590Met",0.446
"p.Leu590Gln",0.891
"p.Trp591Ser",0.948
"p.Trp591Arg",0.964
"p.Trp591Leu",0.909
"p.Trp591Gly",0.932
"p.Trp591Cys",0.953
"p.Ile592Ser",0.305
"p.Ile592Val",0.076
"p.Ile592Phe",0.255
"p.Ile592Thr",0.17
"p.Ile592Leu",0.215
"p.Ile592Asn",0.411
"p.Ile592Met",0.183
"p.Glu593Ala",0.407
"p.Glu593Val",0.5
"p.Glu593Asp",0.321
"p.Glu593Lys",0.514
"p.Glu593Gly",0.395
"p.Glu593Gln",0.379
"p.Arg594Leu",0.116
"p.Arg594Gly",0.184
"p.Arg594Pro",0.49
"p.Arg594Trp",0.203
"p.Arg594Gln",0.042
"p.Trp595Ser",0.97
"p.Trp595Arg",0.967
"p.Trp595Leu",0.956
"p.Trp595Gly",0.958
"p.Trp595Cys",0.96
"p.Gly596Ala",0.481
"p.Gly596Val",0.808
"p.Gly596Arg",0.908
"p.Gly596Glu",0.894
"p.Lys597Arg",0.408
"p.Lys597Thr",0.575
"p.Lys597Asn",0.612
"p.Lys597Glu",0.727
"p.Lys597Met",0.554
"p.Lys597Gln",0.604
"p.Leu598Val",0.419
"p.Leu598Arg",0.917
"p.Leu598Pro",0.954
"p.Leu598Met",0.597
"p.Leu598Gln",0.872
"p.Tyr599Ser",0.936
"p.Tyr599Asp",0.953
"p.Tyr599Phe",0.654
"p.Tyr599Asn",0.926
"p.Tyr599Cys",0.866
"p.Tyr599His",0.85
"p.Glu600Ala",0.188
"p.Glu600Val",0.251
"p.Glu600Asp",0.122
"p.Glu600Lys",0.278
"p.Glu600Gly",0.215
"p.Glu600Gln",0.278
"p.Glu601Ala",0.632
"p.Glu601Val",0.724
"p.Glu601Asp",0.574
"p.Glu601Lys",0.642
"p.Glu601Gly",0.64
"p.Glu601Gln",0.636
"p.Glu602Ala",0.357
"p.Glu602Val",0.484
"p.Glu602Asp",0.366
"p.Glu602Lys",0.314
"p.Glu602Gly",0.254
"p.Glu602Gln",0.3
"p.Ser603Ala",0.37
"p.Ser603Phe",0.748
"p.Ser603Thr",0.37
"p.Ser603Tyr",0.721
"p.Ser603Cys",0.612
"p.Ser603Pro",0.791
"p.Pro604Ser",0.128
"p.Pro604Ala",0.121
"p.Pro604Arg",0.186
"p.Pro604Thr",0.193
"p.Pro604Leu",0.213
"p.Pro604Gln",0.115
"p.Ser605Ala",0.327
"p.Ser605Phe",0.887
"p.Ser605Thr",0.7
"p.Ser605Tyr",0.889
"p.Ser605Cys",0.73
"p.Ser605Pro",0.899
"p.Arg606Ser",0.928
"p.Arg606Leu",0.919
"p.Arg606Gly",0.914
"p.Arg606Cys",0.814
"p.Arg606Pro",0.976
"p.Arg606His",0.604
"p.Thr607Ser",0.081
"p.Thr607Ala",0.086
"p.Thr607Ile",0.103
"p.Thr607Asn",0.09
"p.Thr607Pro",0.36
"p.Ile608Ser",0.748
"p.Ile608Val",0.088
"p.Ile608Phe",0.329
"p.Ile608Thr",0.455
"p.Ile608Leu",0.129
"p.Ile608Asn",0.851
"p.Ile608Met",0.414
"p.Ile609Ser",0.851
"p.Ile609Val",0.218
"p.Ile609Phe",0.685
"p.Ile609Thr",0.703
"p.Ile609Leu",0.342
"p.Ile609Asn",0.922
"p.Ile609Met",0.519
"p.Gln610Arg",0.145
"p.Gln610Leu",0.329
"p.Gln610Lys",0.294
"p.Gln610Pro",0.652
"p.Gln610Glu",0.182
"p.Gln610His",0.128
"p.Tyr611Ser",0.187
"p.Tyr611Asp",0.109
"p.Tyr611Phe",0.187
"p.Tyr611Asn",0.074
"p.Tyr611Cys",0.173
"p.Tyr611His",0.062
"p.Ile612Ser",0.879
"p.Ile612Val",0.151
"p.Ile612Phe",0.721
"p.Ile612Thr",0.753
"p.Ile612Leu",0.735
"p.Ile612Asn",0.942
"p.Ile612Met",0.589
"p.His613Arg",0.534
"p.His613Asp",0.711
"p.His613Leu",0.543
"p.His613Tyr",0.32
"p.His613Asn",0.555
"p.His613Pro",0.787
"p.His613Gln",0.372
"p.Asp614Ala",0.618
"p.Asp614Val",0.737
"p.Asp614Gly",0.584
"p.Asp614Tyr",0.793
"p.Asp614Asn",0.307
"p.Asp614Glu",0.236
"p.Asp614His",0.577
"p.Asn615Ser",0.131
"p.Asn615Asp",0.41
"p.Asn615Thr",0.223
"p.Asn615Ile",0.619
"p.Asn615Lys",0.314
"p.Asn615Tyr",0.44
"p.Asn615His",0.364
"p.Tyr616Ser",0.88
"p.Tyr616Asp",0.935
"p.Tyr616Phe",0.451
"p.Tyr616Asn",0.897
"p.Tyr616Cys",0.769
"p.Tyr616His",0.69
"p.Phe617Ser",0.475
"p.Phe617Val",0.316
"p.Phe617Ile",0.244
"p.Phe617Leu",0.283
"p.Phe617Tyr",0.07
"p.Phe617Cys",0.238
"p.Leu618Val",0.756
"p.Leu618Arg",0.964
"p.Leu618Pro",0.973
"p.Leu618Met",0.612
"p.Leu618Gln",0.944
"p.Val619Ala",0.768
"p.Val619Asp",0.969
"p.Val619Phe",0.743
"p.Val619Ile",0.101
"p.Val619Leu",0.671
"p.Val619Gly",0.951
"p.Asn620Ser",0.367
"p.Asn620Asp",0.824
"p.Asn620Thr",0.59
"p.Asn620Ile",0.877
"p.Asn620Lys",0.838
"p.Asn620Tyr",0.852
"p.Asn620His",0.759
"p.Leu621Val",0.394
"p.Leu621Arg",0.961
"p.Leu621Pro",0.967
"p.Leu621Met",0.396
"p.Leu621Gln",0.922
"p.Val622Ala",0.844
"p.Val622Leu",0.882
"p.Val622Gly",0.956
"p.Val622Glu",0.955
"p.Val622Met",0.774
"p.Asp623Ala",0.891
"p.Asp623Val",0.906
"p.Asp623Gly",0.924
"p.Asp623Tyr",0.944
"p.Asp623Asn",0.761
"p.Asp623Glu",0.706
"p.Asp623His",0.875
"p.Asn624Ser",0.885
"p.Asn624Asp",0.948
"p.Asn624Thr",0.927
"p.Asn624Ile",0.92
"p.Asn624Lys",0.954
"p.Asn624Tyr",0.942
"p.Asn624His",0.908
"p.Asp625Ala",0.86
"p.Asp625Val",0.869
"p.Asp625Gly",0.854
"p.Asp625Tyr",0.938
"p.Asp625Asn",0.565
"p.Asp625Glu",0.614
"p.Asp625His",0.877
"p.Phe626Ser",0.949
"p.Phe626Val",0.914
"p.Phe626Ile",0.897
"p.Phe626Leu",0.904
"p.Phe626Tyr",0.54
"p.Phe626Cys",0.901
"p.Pro627Ser",0.405
"p.Pro627Ala",0.403
"p.Pro627Arg",0.584
"p.Pro627Thr",0.556
"p.Pro627Leu",0.397
"p.Pro627Gln",0.427
"p.Leu628Val",0.269
"p.Leu628Arg",0.328
"p.Leu628Pro",0.593
"p.Leu628Met",0.311
"p.Leu628Gln",0.275
"p.Asp629Ala",0.376
"p.Asp629Val",0.501
"p.Asp629Gly",0.332
"p.Asp629Tyr",0.528
"p.Asp629Asn",0.24
"p.Asp629Glu",0.144
"p.Asp629His",0.375
"p.Asn630Ser",0.159
"p.Asn630Asp",0.431
"p.Asn630Thr",0.325
"p.Asn630Ile",0.748
"p.Asn630Lys",0.451
"p.Asn630Tyr",0.491
"p.Asn630His",0.464
"p.Cys631Ser",0.54
"p.Cys631Arg",0.835
"p.Cys631Phe",0.703
"p.Cys631Gly",0.616
"p.Cys631Tyr",0.661
"p.Cys631Trp",0.738
"p.Leu632Val",0.463
"p.Leu632Arg",0.91
"p.Leu632Phe",0.466
"p.Leu632Ile",0.22
"p.Leu632Pro",0.945
"p.Leu632His",0.847
"p.Trp633Ser",0.869
"p.Trp633Arg",0.901
"p.Trp633Leu",0.759
"p.Trp633Gly",0.859
"p.Trp633Cys",0.771
"p.Gln634Arg",0.297
"p.Gln634Leu",0.327
"p.Gln634Lys",0.334
"p.Gln634Pro",0.737
"p.Gln634Glu",0.289
"p.Gln634His",0.219
"p.Val635Ala",0.43
"p.Val635Leu",0.448
"p.Val635Gly",0.867
"p.Val635Glu",0.885
"p.Val635Met",0.434
"p.Val636Ala",0.264
"p.Val636Leu",0.088
"p.Val636Gly",0.562
"p.Val636Glu",0.707
"p.Val636Met",0.086
"p.Glu637Ala",0.354
"p.Glu637Val",0.482
"p.Glu637Asp",0.293
"p.Glu637Lys",0.292
"p.Glu637Gly",0.405
"p.Glu637Gln",0.277
"p.Asp638Ala",0.392
"p.Asp638Val",0.591
"p.Asp638Gly",0.489
"p.Asp638Tyr",0.713
"p.Asp638Asn",0.326
"p.Asp638Glu",0.189
"p.Asp638His",0.463
"p.Thr639Ser",0.13
"p.Thr639Ala",0.114
"p.Thr639Arg",0.601
"p.Thr639Ile",0.217
"p.Thr639Lys",0.438
"p.Thr639Pro",0.609
"p.Leu640Ser",0.604
"p.Leu640Val",0.248
"p.Leu640Phe",0.279
"p.Leu640Met",0.231
"p.Leu640Trp",0.515
"p.Glu641Ala",0.277
"p.Glu641Val",0.365
"p.Glu641Asp",0.254
"p.Glu641Lys",0.223
"p.Glu641Gly",0.28
"p.Glu641Gln",0.348
"p.Leu642Val",0.16
"p.Leu642Arg",0.23
"p.Leu642Phe",0.129
"p.Leu642Ile",0.194
"p.Leu642Pro",0.639
"p.Leu642His",0.18
"p.Leu643Val",0.124
"p.Leu643Arg",0.392
"p.Leu643Phe",0.11
"p.Leu643Ile",0.12
"p.Leu643Pro",0.665
"p.Leu643His",0.174
"p.Asn644Ser",0.044
"p.Asn644Asp",0.042
"p.Asn644Thr",0.069
"p.Asn644Ile",0.143
"p.Asn644Lys",0.065
"p.Asn644Tyr",0.059
"p.Asn644His",0.057
"p.Arg645Ser",0.115
"p.Arg645Thr",0.051
"p.Arg645Lys",0.064
"p.Arg645Gly",0.067
"p.Arg645Met",0.076
"p.Arg645Trp",0.066
"p.Pro646Ser",0.084
"p.Pro646Ala",0.071
"p.Pro646Arg",0.09
"p.Pro646Thr",0.104
"p.Pro646Leu",0.063
"p.Pro646His",0.079
"p.Thr647Ser",0.035
"p.Thr647Ala",0.023
"p.Thr647Ile",0.036
"p.Thr647Asn",0.041
"p.Thr647Pro",0.117
"p.Gln648Arg",0.031
"p.Gln648Leu",0.059
"p.Gln648Lys",0.054
"p.Gln648Pro",0.065
"p.Gln648Glu",0.049
"p.Gln648His",0.053
"p.Asn649Ser",0.026
"p.Asn649Asp",0.048
"p.Asn649Thr",0.038
"p.Asn649Ile",0.092
"p.Asn649Lys",0.044
"p.Asn649Tyr",0.043
"p.Asn649His",0.05
"p.Ala650Ser",0.051
"p.Ala650Val",0.029
"p.Ala650Thr",0.038
"p.Ala650Gly",0.034
"p.Ala650Pro",0.13
"p.Ala650Glu",0.055
"p.Arg651Ser",0.063
"p.Arg651Thr",0.04
"p.Arg651Ile",0.07
"p.Arg651Lys",0.054
"p.Arg651Gly",0.055
"p.Glu652Ala",0.057
"p.Glu652Val",0.134
"p.Glu652Asp",0.101
"p.Glu652Lys",0.069
"p.Glu652Gly",0.055
"p.Glu652Gln",0.104
"p.Thr653Ser",0.039
"p.Thr653Ala",0.025
"p.Thr653Arg",0.074
"p.Thr653Lys",0.051
"p.Thr653Pro",0.075
"p.Thr653Met",0.016
"p.Glu654Ala",0.042
"p.Glu654Val",0.078
"p.Glu654Asp",0.055
"p.Glu654Lys",0.048
"p.Glu654Gly",0.042
"p.Glu654Gln",0.049
"p.Ala655Ser",0.059
"p.Ala655Val",0.047
"p.Ala655Asp",0.115
"p.Ala655Thr",0.043
"p.Ala655Gly",0.075
"p.Ala655Pro",0.095
"p.Pro656Ser",0.038
"p.Pro656Ala",0.043
"p.Pro656Arg",0.06
"p.Pro656Thr",0.059
"p.Pro656Leu",0.044
"p.Pro656Gln",0.05
